cluster	entry_ID
338_0	338_0
338_0	485_0
338_0	4873_0
338_0	4968_0
338_0	5358_0
338_0	5359_0
338_0	BPTI
434_0	434_0
434_0	435_0
434_0	IL1B
447_0	447_0
968_0	968_0
968_0	969_0
968_0	970_0
968_0	971_0
968_0	4578_0
968_0	10132_0
968_0	10133_0
1657_0	1657_0
1657_0	4012_0
1657_0	50407_0
1657_0	50408_0
1657_0	51163_0
1657_0	RNASEHI
1658_0	1658_0
1672_0	1672_0
1672_0	4759_0
1672_0	6552_0
1672_0	6553_0
1672_0	6560_0
1673_0	1673_0
1812_0	1812_0
1812_0	1813_0
1812_0	17700_0
1812_0	TRX
2060_0	2060_0
2060_0	2371_0
2060_0	17274_1
2060_0	18379_1
2410_0	2410_0
2410_0	6612_0
2410_0	11569_0
2410_0	15945_0
2410_0	18876_0
2410_0	18755_0
2506_0	2506_0
2542_0	2542_0
2542_0	5123_0
2542_0	5124_0
2542_0	5125_0
2542_0	5130_0
2542_0	5142_0
3322_0	3322_0
3440_0	3440_0
3440_0	4083_0
3440_0	4472_0
3440_0	CHEY_CPMG
4001_0	4001_0
4001_0	4099_0
4001_0	4105_0
4001_0	5206_0
4001_0	5377_0
4001_0	5838_0
4001_0	5895_0
4001_0	18995_1
4001_0	27199_0
4011_0	4011_0
4011_0	11428_0
4029_0	4029_0
4029_0	4028_0
4035_0	4035_0
4036_0	4036_0
4037_0	4037_0
4038_0	4038_0
4039_0	4039_0
4039_0	4041_0
4039_0	4166_0
4039_0	4167_0
4039_0	15785_0
4039_0	15952_0
4040_0	4040_0
4042_0	4042_0
4044_0	4044_0
4045_0	4045_0
4046_0	4046_0
4047_0	4047_0
4049_0	4049_0
4050_0	4050_0
4050_0	4051_0
4050_0	5600_1
4055_0	4055_0
4055_0	4054_0
4061_0	4061_0
4061_0	4062_0
4061_0	4676_0
4061_0	4695_0
4061_0	5158_0
4061_0	16501_0
4063_0	4063_0
4064_0	4064_0
4065_0	4065_0
4068_0	4068_0
4068_0	4864_0
4068_0	4865_0
4068_0	5472_0
4068_0	5473_0
4068_0	5518_0
4068_0	5519_0
4068_0	5518
4069_0	4069_0
4069_0	4278_0
4069_0	4494_0
4069_0	15654_0
4069_0	34408_0
4070_0	4070_0
4076_0	4076_0
4076_0	4367_0
4078_0	4078_0
4079_0	4079_0
4079_0	11429_0
4079_0	11532_0
4079_0	18709_0
4079_0	HMG1A
4081_0	4081_0
4081_0	16677_0
4081_0	18135_0
4081_0	18344_0
4082_0	4082_0
4084_0	4084_0
4084_0	34079_0
4085_0	4085_0
4087_0	4087_0
4089_0	4089_0
4089_0	5404_0
4089_0	6142_0
4090_0	4090_0
4091_0	4091_0
4095_0	4095_0
4100_0	4100_0
4101_0	4101_0
4107_0	4107_0
4107_0	4108_0
4107_0	4296_0
4107_0	CSPA
4110_0	4110_0
4113_0	4113_0
4114_0	4114_0
4114_0	5517_0
4114_0	11584_0
4114_0	11585_0
4116_0	4116_0
4116_0	4115_0
4117_0	4117_0
4121_0	4121_0
4122_0	4122_0
4122_0	6581_0
4129_1	4129_1
4130_0	4130_0
4130_0	4131_0
4130_0	4602_0
4130_0	4803_0
4130_0	4804_0
4130_0	4805_0
4130_0	4806_0
4130_0	4807_0
4130_0	4808_0
4130_0	4809_0
4130_0	4810_0
4130_0	5745_0
4130_0	6921_0
4130_0	36070_0
4134_0	4134_0
4141_0	4141_0
4141_0	4368_0
4143_0	4143_0
4144_0	4144_0
4145_0	4145_0
4150_0	4150_0
4152_0	4152_0
4152_0	4193_0
4152_0	4350_0
4152_0	5720_0
4152_0	5746_0
4152_0	18683_0
4152_0	18686_0
4152_0	18687_0
4152_0	19089_0
4152_0	19090_0
4152_0	19091_0
4152_0	19092_0
4152_0	19093_0
4152_0	25353_0
4152_0	25357_0
4152_0	25360_0
4152_0	25361_0
4152_0	25628_0
4152_0	25629_0
4152_0	26999_0
4152_0	27000_0
4152_0	27001_0
4152_0	27004_0
4152_0	27005_0
4152_0	27007_0
4152_0	27008_0
4152_0	27010_0
4152_0	27954_0
4152_0	ECOADK
4154_0	4154_0
4154_0	4149_0
4156_0	4156_0
4158_0	4158_0
4162_0	4162_0
4165_0	4165_0
4165_0	4160_0
4168_0	4168_0
4171_0	4171_0
4171_1	4171_1
4173_0	4173_0
4173_0	4364_0
4173_0	5231_0
4173_0	15120_0
4173_0	15395_0
4173_0	15396_0
4174_0	4174_0
4174_0	18082_0
4174_0	18302_0
4174_0	27712_0
4184_0	4184_0
4184_0	4288_0
4184_0	15554_0
4188_0	4188_0
4197_0	4197_0
4197_0	4209_0
4197_0	5815_0
4197_0	17728_0
4197_0	19747_0
4197_0	26910_0
4198_0	4198_0
4199_0	4199_0
4202_0	4202_0
4202_0	15711_0
4202_0	15712_0
4202_0	15713_0
4202_0	15714_0
4202_0	18708_0
4202_0	18968_0
4202_0	19962_0
4202_0	25942_0
4202_0	26570_0
4205_0	4205_0
4206_0	4206_0
4214_0	4214_0
4215_0	4215_0
4216_0	4216_0
4217_0	4217_0
4222_0	4222_0
4222_0	27246_0
4222_0	4638_0
4222_0	5529_0
4222_0	27247_0
4223_0	4223_0
4224_0	4224_0
4227_0	4227_0
4228_0	4228_0
4232_0	4232_0
4232_0	4401_0
4232_0	5738_0
4236_0	4236_0
4237_0	4237_0
4242_0	4242_0
4248_0	4248_0
4249_0	4249_0
4249_0	27131_0
4252_0	4252_0
4252_0	4251_0
4255_0	4255_0
4256_0	4256_0
4256_0	4254_0
4262_0	4262_0
4262_0	5396_0
4262_0	7196_0
4262_0	7199_0
4262_0	7200_0
4262_0	17125_0
4262_0	17310_0
4262_0	17311_0
4263_0	4263_0
4263_0	4683_0
4265_0	4265_0
4269_0	4269_0
4282_0	4282_0
4285_0	4285_0
4285_0	4982_0
4285_0	6583_0
4285_0	15296_0
4285_0	16050_0
4285_0	16360_0
4285_0	17857_0
4285_0	18087_0
4285_0	18089_0
4285_0	18101_0
4285_0	18230_0
4285_0	18231_0
4285_0	18545_0
4286_0	4286_0
4289_0	4289_0
4294_0	4294_0
4295_0	4295_0
4297_0	4297_0
4297_0	4075_0
4297_0	5122_0
4300_0	4300_0
4300_0	4299_0
4301_0	4301_0
4302_0	4302_0
4302_0	11114_0
4304_0	4304_0
4306_0	4306_0
4306_0	4128_0
4308_0	4308_0
4317_0	4317_0
4317_0	15117_0
4317_0	25793_0
4318_0	4318_0
4321_0	4321_0
4324_0	4324_0
4324_0	4023_0
4324_0	5397_0
4324_0	19043_0
4324_0	34430_0
4324_0	6680_0
4326_0	4326_0
4328_0	4328_0
4329_0	4329_0
4331_0	4331_0
4333_0	4333_0
4334_0	4334_0
4335_0	4335_0
4336_0	4336_0
4336_0	4337_0
4336_0	4338_0
4343_0	4343_0
4343_0	19737_0
4344_0	4344_0
4345_0	4345_0
4345_0	4339_0
4348_0	4348_0
4352_0	4352_0
4352_0	4293_0
4353_0	4353_0
4355_0	4355_0
4357_0	4357_0
4357_0	4358_0
4357_0	4359_2
4357_0	5349_0
4360_0	4360_0
4369_0	4369_0
4370_0	4370_0
4371_0	4371_0
4373_0	4373_0
4374_0	4374_0
4376_0	4376_0
4378_0	4378_0
4378_0	6942_0
4378_0	16334_0
4378_0	16726_0
4381_0	4381_0
4382_0	4382_0
4385_0	4385_0
4386_0	4386_0
4391_0	4391_0
4394_0	4394_0
4395_0	4395_0
4396_0	4396_0
4397_0	4397_0
4402_0	4402_0
4402_0	26958_0
4402_0	51006_0
4402_0	51007_0
4403_0	4403_0
4405_0	4405_0
4407_0	4407_0
4411_0	4411_0
4413_0	4413_0
4417_0	4417_0
4417_0	25272_0
4417_0	27040_0
4417_0	34383_0
4421_0	4421_0
4423_0	4423_0
4423_0	34523_0
4424_0	4424_0
4426_0	4426_0
4426_0	4425_0
4428_0	4428_0
4428_0	17698_0
4428_0	VILHP
4430_0	4430_0
4430_0	15418_0
4430_0	18854_0
4430_0	18868_0
4431_0	4431_0
4437_0	4437_0
4438_0	4438_0
4445_0	4445_0
4447_0	4447_0
4449_0	4449_0
4451_0	4451_0
4452_0	4452_0
4453_0	4453_0
4453_0	17626_0
4453_0	17627_0
4454_1	4454_1
4455_0	4455_0
4457_0	4457_0
4460_0	4460_0
4463_0	4463_0
4466_0	4466_0
4470_0	4470_0
4473_0	4473_0
4473_0	16954_0
4475_0	4475_0
4478_0	4478_0
4486_0	4486_0
4491_0	4491_0
4491_0	4140_0
4496_0	4496_0
4497_0	4497_0
4497_0	4599_0
4497_0	27395_0
4497_0	36077_0
4497_0	36078_0
4510_0	4510_0
4514_0	4514_0
4519_0	4519_0
4527_0	4527_0
4527_0	4528_0
4527_0	5303_0
4527_0	25124_0
4527_0	25125_0
4527_0	4762
4540_0	4540_0
4559_0	4559_0
4560_0	4560_0
4564_0	4564_0
4565_0	4565_0
4566_0	4566_0
4566_0	4074_0
4566_0	5337_0
4566_0	7390_1
4566_0	15301_1
4566_0	27673_0
4566_0	28002_0
4567_0	4567_0
4571_0	4571_0
4572_0	4572_0
4574_0	4574_0
4575_0	4575_0
4580_0	4580_0
4583_0	4583_0
4584_0	4584_0
4589_0	4589_0
4590_0	4590_0
4593_0	4593_0
4600_0	4600_0
4600_0	4498_0
4603_0	4603_0
4619_0	4619_0
4621_0	4621_0
4622_0	4622_0
4623_0	4623_0
4623_0	4241_0
4636_0	4636_0
4637_0	4637_0
4644_0	4644_0
4648_0	4648_0
4663_0	4663_0
4663_0	4493_0
4664_0	4664_0
4664_0	16682_0
4664_0	17577_0
4666_0	4666_0
4668_0	4668_0
4670_0	4670_0
4674_0	4674_0
4677_0	4677_0
4678_0	4678_0
4679_0	4679_0
4680_0	4680_0
4682_0	4682_0
4682_0	4681_0
4688_0	4688_0
4689_0	4689_0
4689_0	25029_0
4689_0	4689
4697_0	4697_0
4698_0	4698_0
4700_1	4700_1
4701_0	4701_0
4701_0	4086_0
4704_0	4704_0
4706_0	4706_0
4707_0	4707_0
4707_0	4708_0
4707_0	15532_0
4707_0	15533_0
4707_0	50236_0
4707_0	50405_0
4707_0	4710_0
4707_0	4709_0
4711_0	4711_0
4716_0	4716_0
4717_0	4717_0
4719_0	4719_0
4721_0	4721_0
4722_0	4722_0
4726_0	4726_0
4727_0	4727_0
4729_0	4729_0
4734_0	4734_0
4734_0	4732_0
4739_0	4739_0
4740_0	4740_0
4742_0	4742_0
4742_0	4588_0
4748_0	4748_0
4751_0	4751_0
4752_0	4752_0
4757_0	4757_0
4758_0	4758_0
4761_0	4761_0
4765_0	4765_0
4766_0	4766_0
4768_0	4768_0
4768_0	18615_0
4773_0	4773_0
4775_0	4775_0
4777_0	4777_0
4777_0	4471_0
4778_0	4778_0
4778_0	4770_0
4782_0	4782_0
4784_0	4784_0
4786_0	4786_0
4786_0	4785_0
4787_0	4787_0
4788_0	4788_0
4791_0	4791_0
4792_0	4792_0
4793_0	4793_0
4795_0	4795_0
4795_0	4794_0
4796_0	4796_0
4797_0	4797_0
4811_0	4811_0
4811_0	4332_0
4814_0	4814_0
4817_0	4817_0
4818_0	4818_0
4819_0	4819_0
4821_0	4821_0
4825_0	4825_0
4828_0	4828_0
4828_0	4827_0
4829_0	4829_0
4830_0	4830_0
4833_0	4833_0
4834_0	4834_0
4836_0	4836_0
4839_0	4839_0
4840_0	4840_0
4841_0	4841_0
4841_0	4874_0
4841_0	5808_0
4841_0	6899_0
4843_0	4843_0
4843_0	5004_0
4843_0	IL13
4850_0	4850_0
4851_0	4851_0
4856_0	4856_0
4857_0	4857_0
4858_0	4858_0
4863_0	4863_0
4869_0	4869_0
4870_0	4870_0
4870_0	15930_0
4870_0	15936_0
4870_0	15975_0
4871_0	4871_0
4876_0	4876_0
4876_0	4883_0
4876_0	4887_0
4878_0	4878_0
4879_0	4879_0
4879_0	16270_0
4879_0	19624_0
4879_0	19826_0
4879_0	34379_0
4880_0	4880_0
4881_0	4881_0
4881_0	4886_0
4881_0	15474_0
4888_0	4888_0
4888_0	4889_0
4888_0	16750_0
4893_0	4893_0
4894_0	4894_0
4895_0	4895_0
4896_0	4896_0
4898_0	4898_0
4898_0	4579_0
4899_0	4899_0
4900_0	4900_0
4901_0	4901_0
4901_0	11578_1
4901_0	11594_1
4901_0	36013_1
4901_0	36101_1
4902_0	4902_0
4906_0	4906_0
4908_0	4908_0
4908_0	11102_0
4909_0	4909_0
4911_0	4911_0
4911_0	4305_0
4911_0	4912_0
4911_0	4931_0
4911_0	6096_0
4911_0	15076_0
4911_0	15077_0
4911_0	15078_0
4911_0	15953_0
4911_0	16847_0
4911_0	17692_0
4915_0	4915_0
4918_0	4918_0
4919_0	4919_0
4922_0	4922_0
4922_0	4019_0
4922_0	19247_0
4925_0	4925_0
4927_0	4927_0
4928_0	4928_0
4929_0	4929_0
4933_0	4933_0
4933_0	4930_0
4934_0	4934_0
4935_0	4935_0
4939_0	4939_0
4940_0	4940_0
4941_0	4941_0
4942_0	4942_0
4944_0	4944_0
4945_0	4945_0
4952_0	4952_0
4953_0	4953_0
4954_0	4954_0
4956_0	4956_0
4957_0	4957_0
4958_0	4958_0
4959_0	4959_0
4961_0	4961_0
4961_0	4558_0
4963_0	4963_0
4965_0	4965_0
4967_0	4967_0
4969_0	4969_0
4973_0	4973_0
4974_0	4974_0
4974_0	51230_0
4974_0	51234_0
4974_0	51235_0
4974_0	51236_0
4974_0	51230
4974_0	4926_0
4977_0	4977_0
4978_0	4978_0
4984_0	4984_0
4985_0	4985_0
4989_0	4989_0
4991_0	4991_0
4992_0	4992_0
4996_0	4996_0
4998_0	4998_0
4999_0	4999_0
5000_0	5000_0
5000_0	5552_0
5009_0	5009_0
5009_0	5008_0
5012_0	5012_0
5014_0	5014_0
5018_0	5018_0
5022_0	5022_0
5027_0	5027_0
5030_0	5030_0
5031_0	5031_0
5036_0	5036_0
5040_0	5040_0
5041_0	5041_0
5042_0	5042_0
5042_0	5251_0
5042_0	15110_0
5042_0	15215_0
5042_0	25693_0
5044_0	5044_0
5047_0	5047_0
5048_0	5048_0
5048_0	5319_0
5048_0	5579_0
5051_0	5051_0
5053_0	5053_0
5054_0	5054_0
5054_0	4448_0
5055_0	5055_0
5059_0	5059_0
5060_0	5060_0
5061_0	5061_0
5061_0	17880_0
5062_0	5062_0
5065_0	5065_0
5070_0	5070_0
5071_0	5071_0
5076_0	5076_0
5076_0	4147_0
5077_0	5077_0
5078_0	5078_0
5081_0	5081_0
5081_0	4309_0
5084_0	5084_0
5084_0	5085_0
5084_0	7033_1
5084_0	10019_1
5093_0	5093_0
5094_0	5094_0
5100_0	5100_0
5101_0	5101_0
5102_0	5102_0
5104_0	5104_0
5105_0	5105_0
5106_0	5106_0
5107_0	5107_0
5116_0	5116_0
5116_0	5115_0
5119_0	5119_0
5119_0	4316_0
5126_0	5126_0
5127_0	5127_0
5127_0	4892_0
5127_0	5247_0
5127_0	18169_1
5127_0	25069_0
5127_0	25136_0
5127_0	25208_0
5127_0	26946_0
5127_0	26956_0
5128_0	5128_0
5128_0	5058_0
5128_0	5064_0
5128_0	17412_0
5129_0	5129_0
5133_0	5133_0
5133_0	5056_0
5133_0	5132_0
5141_0	5141_0
5145_0	5145_0
5145_0	4938_0
5147_0	5147_0
5155_0	5155_0
5156_0	5156_0
5159_0	5159_0
5161_0	5161_0
5162_0	5162_0
5165_0	5165_0
5166_0	5166_0
5166_0	15486_0
5166_0	25296_0
5174_0	5174_0
5177_0	5177_0
5177_0	6004_0
5177_0	30877_0
5178_0	5178_0
5180_0	5180_0
5181_0	5181_0
5186_0	5186_0
5186_0	5185_0
5187_0	5187_0
5189_0	5189_0
5189_0	18425_0
5190_0	5190_0
5191_0	5191_0
5194_0	5194_0
5194_0	17838_0
5199_0	5199_0
5200_0	5200_0
5202_0	5202_0
5203_0	5203_0
5204_0	5204_0
5210_0	5210_0
5212_0	5212_0
5212_0	5211_0
5213_0	5213_0
5217_0	5217_0
5220_0	5220_0
5220_0	4731_0
5222_0	5222_0
5223_0	5223_0
5224_0	5224_0
5225_0	5225_0
5228_1	5228_1
5228_1	6874_0
5228_1	15398_0
5228_1	16363_0
5228_1	17073_0
5228_1	34188_1
5228_1	34189_1
5232_0	5232_0
5233_0	5233_0
5235_0	5235_0
5237_0	5237_0
5238_0	5238_0
5241_0	5241_0
5241_0	5240_0
5242_0	5242_0
5249_0	5249_0
5249_0	5260_0
5249_0	5271_0
5250_0	5250_0
5261_0	5261_0
5262_0	5262_0
5263_0	5263_0
5267_0	5267_0
5269_0	5269_0
5272_0	5272_0
5272_0	6880_0
5272_0	6881_0
5275_0	5275_0
5276_0	5276_0
5280_0	5280_0
5288_0	5288_0
5294_0	5294_0
5297_0	5297_0
5300_0	5300_0
5304_0	5304_0
5306_0	5306_0
5306_0	5327_0
5306_1	5306_1
5306_1	5327_1
5306_1	5788_1
5306_1	5987_1
5306_1	6268_0
5306_1	16014_0
5306_1	18650_0
5306_1	50865_0
5306_1	50867_0
5308_0	5308_0
5309_0	5309_0
5311_0	5311_0
5312_0	5312_0
5313_0	5313_0
5314_0	5314_0
5315_0	5315_0
5315_0	5389_0
5316_0	5316_0
5317_0	5317_0
5317_0	5361_0
5318_0	5318_0
5318_0	5310_0
5320_0	5320_0
5320_0	16042_0
5320_0	16046_0
5320_0	16047_0
5320_0	16048_0
5320_0	16049_0
5323_0	5323_0
5324_0	5324_0
5328_0	5328_0
5334_0	5334_0
5334_0	4649_0
5335_0	5335_0
5338_0	5338_0
5341_0	5341_0
5343_0	5343_0
5343_0	5344_0
5343_0	5969_0
5343_0	6888_0
5345_0	5345_0
5345_0	4813_0
5345_0	5791_0
5345_0	7354_1
5347_0	5347_0
5347_0	4093_0
5347_0	4097_0
5347_0	5931_0
5347_0	26718_0
5347_0	27825_0
5347_0	27826_0
5350_0	5350_0
5352_0	5352_0
5353_0	5353_0
5353_0	17849_0
5353_0	17850_0
5354_0	5354_0
5355_0	5355_0
5355_0	27858_0
5356_0	5356_0
5356_0	18703_0
5356_0	19668_0
5363_0	5363_0
5363_0	4033_0
5363_0	4034_0
5366_0	5366_0
5368_0	5368_0
5373_0	5373_0
5374_0	5374_0
5382_0	5382_0
5386_0	5386_0
5386_0	5975_0
5386_0	17103_0
5386_0	19789_0
5386_0	25495_0
5386_0	25797_0
5388_0	5388_0
5390_0	5390_0
5391_0	5391_0
5392_0	5392_0
5393_0	5393_0
5397_1	5397_1
5399_0	5399_0
5401_0	5401_0
5401_0	6287_0
5402_0	5402_0
5407_0	5407_0
5408_0	5408_0
5459_0	5459_0
5461_0	5461_0
5461_0	15912_1
5461_0	16809_1
5465_0	5465_0
5465_0	5951_0
5465_0	6158_0
5467_0	5467_0
5468_0	5468_0
5481_0	5481_0
5482_0	5482_0
5483_0	5483_0
5485_0	5485_0
5492_0	5492_0
5492_0	4259_0
5496_0	5496_0
5496_0	5500_0
5496_0	16813_0
5497_0	5497_0
5498_0	5498_0
5498_1	5498_1
5499_0	5499_0
5504_0	5504_0
5505_0	5505_0
5505_0	5858_0
5506_0	5506_0
5508_0	5508_0
5508_0	5507_0
5508_0	5509_0
5508_0	5510_0
5508_0	25986_0
5508_0	25987_0
5508_0	27515_0
5513_0	5513_0
5513_0	7307_0
5513_0	7308_0
5515_0	5515_0
5516_0	5516_0
5521_1	5521_1
5521_1	5520_1
5522_0	5522_0
5522_0	11311_0
5522_0	18466_0
5522_0	18467_0
5522_0	25425_0
5524_0	5524_0
5532_0	5532_0
5532_0	30285_0
5532_0	30675_2
5537_0	5537_0
5538_0	5538_0
5539_0	5539_0
5541_0	5541_0
5545_0	5545_0
5547_0	5547_0
5558_0	5558_0
5560_0	5560_0
5561_0	5561_0
5563_0	5563_0
5565_0	5565_0
5565_0	7243_0
5568_0	5568_0
5570_0	5570_0
5571_0	5571_0
5571_0	5540_0
5573_0	5573_0
5573_0	5572_0
5577_0	5577_0
5577_0	5576_0
5589_0	5589_0
5590_0	5590_0
5590_0	11038_0
5591_0	5591_0
5592_0	5592_0
5593_0	5593_0
5594_0	5594_0
5595_0	5595_0
5596_0	5596_0
5597_0	5597_0
5597_0	5172_0
5598_0	5598_0
5601_2	5601_2
5601_2	5601_1
5602_0	5602_0
5603_0	5603_0
5604_0	5604_0
5605_0	5605_0
5606_0	5606_0
5615_0	5615_0
5616_0	5616_0
5620_0	5620_0
5621_0	5621_0
5622_0	5622_0
5623_0	5623_0
5626_0	5626_0
5628_0	5628_0
5629_0	5629_0
5630_0	5630_0
5631_0	5631_0
5631_0	18785_0
5631_0	18786_0
5650_0	5650_0
5651_0	5651_0
5653_0	5653_0
5653_0	5633_0
5657_0	5657_0
5661_0	5661_0
5662_0	5662_0
5662_0	5175_0
5662_0	5663_0
5664_0	5664_0
5668_0	5668_0
5668_0	5398_0
5669_0	5669_0
5677_0	5677_0
5677_0	5266_0
5677_0	5924_0
5677_0	28012_0
5679_0	5679_0
5679_0	5772_0
5680_0	5680_0
5680_0	19507_0
5680_1	5680_1
5682_0	5682_0
5683_0	5683_0
5685_0	5685_0
5685_0	15919_1
5685_0	27288_0
5685_1	5685_1
5685_1	16296_0
5686_0	5686_0
5688_0	5688_0
5691_0	5691_0
5692_0	5692_0
5695_0	5695_0
5697_0	5697_0
5697_0	5696_0
5697_0	10061_0
5698_0	5698_0
5700_0	5700_0
5700_0	11012_0
5700_0	26551_0
5701_0	5701_0
5702_0	5702_0
5702_0	6192_0
5702_0	6194_0
5704_0	5704_0
5707_0	5707_0
5709_0	5709_0
5710_0	5710_0
5711_0	5711_0
5719_0	5719_0
5721_0	5721_0
5722_0	5722_0
5725_0	5725_0
5725_0	5723_0
5725_0	5724_0
5725_0	5726_0
5725_0	5727_0
5725_0	5728_0
5725_0	16215_0
5725_0	16978_0
5725_0	18710_0
5725_0	25753_0
5725_0	25755_0
5729_0	5729_0
5736_0	5736_0
5742_0	5742_0
5743_0	5743_0
5748_0	5748_0
5748_0	51010_0
5750_0	5750_0
5751_0	5751_0
5753_0	5753_0
5757_0	5757_0
5757_0	4972_0
5758_0	5758_0
5761_0	5761_0
5763_0	5763_0
5766_0	5766_0
5769_0	5769_0
5769_0	5768_0
5771_0	5771_0
5774_0	5774_0
5774_0	30652_0
5774_0	30653_0
5778_0	5778_0
5778_0	26652_0
5778_0	26651_0
5778_0	51419_0
5779_0	5779_0
5786_0	5786_0
5788_0	5788_0
5789_0	5789_0
5792_0	5792_0
5792_0	15236_0
5792_0	15237_0
5792_0	15244_0
5794_0	5794_0
5796_0	5796_0
5797_0	5797_0
5798_0	5798_0
5799_0	5799_0
5800_0	5800_0
5802_0	5802_0
5805_0	5805_0
5807_0	5807_0
5810_0	5810_0
5814_0	5814_0
5816_0	5816_0
5817_0	5817_0
5819_0	5819_0
5819_0	6965_0
5819_0	18081_0
5820_0	5820_0
5821_0	5821_0
5822_0	5822_0
5824_0	5824_0
5824_0	5825_0
5824_0	6174_0
5827_0	5827_0
5827_0	5828_0
5827_0	5829_0
5827_0	5830_0
5827_0	17847_0
5827_0	17848_0
5827_0	25418_0
5827_0	25420_0
5827_0	25422_0
5827_0	25907_0
5827_0	25908_0
5827_0	26578_0
5827_0	26973_0
5827_0	27254_0
5827_0	27556_0
5833_0	5833_0
5836_0	5836_0
5843_0	5843_0
5844_0	5844_0
5845_0	5845_0
5846_0	5846_0
5847_0	5847_0
5849_0	5849_0
5850_0	5850_0
5851_0	5851_0
5853_0	5853_0
5857_0	5857_0
5860_0	5860_0
5861_0	5861_0
5862_0	5862_0
5866_0	5866_0
5867_0	5867_0
5868_0	5868_0
5871_0	5871_0
5872_0	5872_0
5873_0	5873_0
5874_0	5874_0
5876_0	5876_0
5878_0	5878_0
5879_0	5879_0
5880_0	5880_0
5884_0	5884_0
5885_0	5885_0
5888_0	5888_0
5888_0	5887_0
5891_0	5891_0
5892_0	5892_0
5893_0	5893_0
5893_0	547_0
5893_0	1634_0
5893_0	4056_0
5893_0	4270_0
5893_0	4284_0
5893_0	4310_0
5893_0	5286_0
5893_0	5480_0
5893_0	5770_0
5893_0	5896_0
5893_0	6023_0
5893_0	6707_0
5893_0	7015_0
5893_0	7423_0
5893_0	15470_0
5893_0	15624_0
5893_0	15650_0
5893_0	15852_0
5893_0	16465_0
5893_0	17264_0
5893_0	17771_0
5893_0	17807_0
5893_0	18027_0
5893_0	18028_0
5893_0	18976_0
5893_0	19036_0
5893_0	19238_0
5893_0	19586_0
5893_0	19604_0
5893_0	25253_0
5893_0	25257_0
5893_0	25588_0
5893_0	25757_0
5893_0	25852_0
5893_0	26626_0
5893_0	26627_0
5893_0	26681_0
5893_0	26682_0
5893_0	26683_0
5893_0	26685_0
5893_0	26686_0
5893_0	26687_0
5893_0	27017_0
5893_0	27095_0
5893_0	27190_0
5893_0	27260_0
5893_0	27332_0
5893_0	27530_0
5893_0	27745_0
5893_0	27782_0
5893_0	30062_0
5893_0	30063_0
5893_0	30156_0
5893_0	30195_0
5893_0	30196_0
5893_0	34161_0
5893_0	34262_0
5893_0	34496_0
5893_0	34497_0
5893_0	34521_0
5893_0	34608_0
5893_0	36005_0
5893_0	50750_0
5893_0	50836_0
5893_0	50837_0
5893_0	50849_0
5893_0	50850_0
5893_0	50851_0
5893_0	50892_0
5893_0	51222_0
5893_0	51289_0
5893_0	51422_0
5893_0	51447_0
5893_0	51526_0
5893_0	51527_0
5893_0	51715_0
5894_0	5894_0
5897_0	5897_0
5900_0	5900_0
5901_0	5901_0
5904_0	5904_0
5908_0	5908_0
5908_0	5905_0
5910_0	5910_0
5910_0	5909_0
5912_0	5912_0
5912_0	5907_0
5920_0	5920_0
5921_0	5921_0
5928_0	5928_0
5929_0	5929_0
5930_0	5930_0
5933_0	5933_0
5936_0	5936_0
5939_0	5939_0
5940_0	5940_0
5942_0	5942_0
5943_0	5943_0
5944_0	5944_0
5946_0	5946_0
5947_0	5947_0
5950_0	5950_0
5955_0	5955_0
5956_0	5956_0
5961_0	5961_0
5963_0	5963_0
5970_0	5970_0
5974_0	5974_0
5976_0	5976_0
5977_0	5977_0
5982_0	5982_0
5983_0	5983_0
5984_0	5984_0
5987_0	5987_0
5997_0	5997_0
5998_0	5998_0
5999_0	5999_0
6000_0	6000_0
6001_0	6001_0
6003_0	6003_0
6005_0	6005_0
6008_0	6008_0
6008_0	6007_0
6010_0	6010_0
6010_0	6324_0
6011_0	6011_0
6012_0	6012_0
6013_0	6013_0
6014_0	6014_0
6015_0	6015_0
6019_0	6019_0
6019_0	5226_0
6025_0	6025_0
6028_0	6028_0
6030_0	6030_0
6030_0	6029_0
6031_0	6031_0
6032_0	6032_0
6032_0	6071_0
6032_0	6283_0
6033_0	6033_0
6033_0	10134_0
6033_0	10135_0
6033_0	25389_0
6033_0	25390_0
6034_0	6034_0
6035_0	6035_0
6043_0	6043_0
6044_0	6044_0
6045_0	6045_0
6046_0	6046_0
6047_0	6047_0
6051_0	6051_0
6052_0	6052_0
6053_0	6053_0
6058_0	6058_0
6059_0	6059_0
6061_0	6061_0
6069_0	6069_0
6072_0	6072_0
6073_0	6073_0
6075_0	6075_0
6075_0	6563_0
6075_0	15028_1
6078_0	6078_0
6079_0	6079_0
6081_0	6081_0
6086_0	6086_0
6093_0	6093_0
6093_0	5903_0
6095_0	6095_0
6095_0	16851_0
6095_0	18314_0
6095_0	18315_0
6095_0	18694_0
6095_0	18695_0
6095_0	26867_0
6095_0	50206_0
6098_0	6098_0
6099_0	6099_0
6102_0	6102_0
6103_0	6103_0
6104_0	6104_0
6108_0	6108_0
6110_0	6110_0
6110_0	4910_0
6111_0	6111_0
6113_0	6113_0
6114_0	6114_0
6117_0	6117_0
6118_0	6118_0
6120_0	6120_0
6121_0	6121_0
6121_0	16708_0
6122_0	6122_0
6125_0	6125_0
10311_0	10311_0
10311_0	11089_0
10312_0	10312_0
10314_0	10314_0
10315_0	10315_0
10316_0	10316_0
10317_0	10317_0
10319_0	10319_0
10320_0	10320_0
10321_0	10321_0
10322_0	10322_0
10323_0	10323_0
10324_0	10324_0
10324_0	10142_0
10325_0	10325_0
10326_0	10326_0
10327_0	10327_0
10328_0	10328_0
10329_0	10329_0
10330_0	10330_0
10333_0	10333_0
10334_0	10334_0
10335_0	10335_0
10336_0	10336_0
10337_0	10337_0
10338_0	10338_0
11000_0	11000_0
11001_0	11001_0
11009_0	11009_0
11010_1	11010_1
11011_0	11011_0
11011_0	5813_0
11013_0	11013_0
11017_0	11017_0
11018_0	11018_0
11018_0	15912_0
11018_0	16809_0
11018_0	18119_0
11019_0	11019_0
11019_0	11020_0
11019_0	17067_1
11019_0	17821_0
11024_0	11024_0
11024_0	15378_0
11028_0	11028_0
11028_0	11064_0
11028_0	26913_0
11029_0	11029_0
11030_0	11030_0
11031_0	11031_0
11033_0	11033_0
11033_0	11032_0
11034_0	11034_0
11035_0	11035_0
11035_0	11037_0
11035_0	27354_0
11036_0	11036_0
11040_0	11040_0
11040_0	15710_0
11041_0	11041_0
11042_0	11042_0
11050_0	11050_0
11050_0	11049_0
11051_0	11051_0
11051_0	4831_0
11051_0	7135_0
11051_0	7136_0
11051_0	11052_0
11051_0	11459_0
11051_0	11460_0
11051_0	11461_0
11051_0	11462_0
11051_0	15198_0
11051_0	18365_0
11051_0	18366_0
11051_0	18367_0
11051_0	18368_0
11051_0	18369_0
11051_0	18370_0
11051_0	LYSZ
11054_0	11054_0
11057_0	11057_0
11060_0	11060_0
11063_0	11063_0
11065_0	11065_0
11075_0	11075_0
11076_0	11076_0
11076_0	7248_0
11077_0	11077_0
11078_0	11078_0
11078_0	15356_0
11080_0	11080_0
11080_0	18864_0
11080_0	11080
11082_0	11082_0
11082_0	11081_0
11082_0	11153_0
11083_0	11083_0
11084_0	11084_0
11087_0	11087_0
11088_0	11088_0
11090_0	11090_0
11091_0	11091_0
11092_0	11092_0
11093_0	11093_0
11094_0	11094_0
11094_0	11095_0
11096_0	11096_0
11097_0	11097_0
11098_0	11098_0
11099_0	11099_0
11100_0	11100_0
11101_0	11101_0
10209_0	10209_0
10211_0	10211_0
10212_0	10212_0
10213_0	10213_0
10215_0	10215_0
10215_0	10214_0
10216_0	10216_0
10216_0	10185_0
10218_0	10218_0
10218_0	10227_0
10220_0	10220_0
10221_0	10221_0
10221_0	10173_0
10221_0	10151_0
10221_0	10156_0
10221_0	10167_0
10221_0	10168_0
10221_0	10172_0
10221_0	10174_0
10221_0	10187_0
10221_0	10188_0
10221_0	10199_0
10221_0	10205_0
10221_0	10207_0
10221_0	10217_0
10221_0	10222_0
10221_0	10223_0
10221_0	10230_0
10221_0	10233_0
10221_0	10234_0
10221_0	10304_0
10221_0	10305_0
10221_0	10310_0
10221_0	11167_0
10221_0	11168_0
10221_0	11386_0
10221_0	11387_0
10221_0	11393_0
10221_0	10210_0
10221_0	11239_0
10221_0	10186_0
10224_0	10224_0
10225_0	10225_0
10226_0	10226_0
10228_0	10228_0
10228_0	10190_0
10231_0	10231_0
10232_0	10232_0
10236_1	10236_1
10236_1	10235_0
10237_0	10237_0
10238_0	10238_0
10238_0	10239_0
10240_0	10240_0
10241_0	10241_0
10242_0	10242_0
10243_0	10243_0
10244_0	10244_0
10245_0	10245_0
10246_0	10246_0
10247_0	10247_0
10248_0	10248_0
10249_0	10249_0
10250_0	10250_0
10251_0	10251_0
10252_0	10252_0
10253_0	10253_0
10254_0	10254_0
10255_0	10255_0
10256_0	10256_0
10257_0	10257_0
10258_0	10258_0
10259_0	10259_0
10260_0	10260_0
10261_0	10261_0
10262_0	10262_0
10263_0	10263_0
10264_0	10264_0
10264_0	18185_0
10265_0	10265_0
10266_0	10266_0
10267_0	10267_0
10268_0	10268_0
10269_0	10269_0
10270_0	10270_0
10271_0	10271_0
10272_0	10272_0
10273_0	10273_0
10274_0	10274_0
10275_0	10275_0
10276_0	10276_0
10277_0	10277_0
10278_0	10278_0
10279_0	10279_0
10280_0	10280_0
10281_0	10281_0
10282_0	10282_0
10283_0	10283_0
10284_0	10284_0
10285_0	10285_0
10286_0	10286_0
10287_0	10287_0
10288_0	10288_0
10289_0	10289_0
10290_0	10290_0
10291_0	10291_0
10292_0	10292_0
10293_0	10293_0
10294_0	10294_0
10295_0	10295_0
10296_0	10296_0
10297_0	10297_0
10298_0	10298_0
10299_0	10299_0
10300_0	10300_0
10301_0	10301_0
10303_0	10303_0
10303_0	10175_0
10303_0	11394_0
10306_0	10306_0
10307_0	10307_0
10308_0	10308_0
10108_0	10108_0
10109_0	10109_0
10110_0	10110_0
10111_0	10111_0
10112_0	10112_0
10113_0	10113_0
10114_0	10114_0
10115_0	10115_0
10118_0	10118_0
10119_0	10119_0
10120_0	10120_0
10121_0	10121_0
10122_0	10122_0
10123_0	10123_0
10123_0	5902_0
10124_0	10124_0
10125_0	10125_0
10126_0	10126_0
10127_0	10127_0
10128_0	10128_0
10129_0	10129_0
10130_0	10130_0
10131_0	10131_0
10136_0	10136_0
10137_0	10137_0
10137_0	11062_0
10137_0	16874_0
10137_0	18473_0
10137_0	51128_0
10138_0	10138_0
10140_0	10140_0
10140_0	10139_0
10141_0	10141_0
10143_0	10143_0
10144_0	10144_0
10144_0	10145_0
10146_0	10146_0
10146_0	16002_0
10146_0	36097_0
10147_0	10147_0
10148_0	10148_0
10149_0	10149_0
10150_0	10150_0
10152_0	10152_0
10154_0	10154_0
10155_0	10155_0
10155_0	10153_0
10155_0	10204_0
10155_0	11169_0
10155_0	11171_0
10157_0	10157_0
10158_0	10158_0
10159_0	10159_0
10160_0	10160_0
10161_0	10161_0
10161_0	10331_0
10162_0	10162_0
10163_0	10163_0
10164_0	10164_0
10164_0	15593_0
10164_0	17421_0
10165_0	10165_0
50190_0	50190_0
50191_0	50191_0
50191_0	50187_0
50195_0	50195_0
50196_0	50196_0
50201_0	50201_0
50203_0	50203_0
50204_0	50204_0
50205_0	50205_0
50206_1	50206_1
50207_0	50207_0
50207_0	4177_0
50207_0	50208_0
50210_0	50210_0
50211_0	50211_0
50211_0	50192_0
50214_0	50214_0
50215_0	50215_0
50216_0	50216_0
50218_0	50218_0
50228_0	50228_0
50231_0	50231_0
50235_0	50235_0
50238_0	50238_0
50239_0	50239_0
50239_0	17435_0
50239_0	50240_0
50239_0	51390_0
50250_0	50250_0
50253_0	50253_0
50253_0	19114_0
50254_0	50254_0
50254_0	50255_0
50254_0	50257_0
50256_0	50256_0
50261_0	50261_0
50261_0	50241_0
50267_0	50267_0
50267_0	50260_0
50269_0	50269_0
50270_0	50270_0
50271_0	50271_0
50274_0	50274_0
50275_0	50275_0
50275_0	50273_0
50300_0	50300_0
50304_0	50304_0
50308_0	50308_0
50309_0	50309_0
50310_0	50310_0
50314_0	50314_0
50324_0	50324_0
50326_0	50326_0
50328_0	50328_0
50328_0	50360_0
50329_0	50329_0
50335_0	50335_0
50335_0	18352_0
50336_0	50336_0
50338_0	50338_0
50345_0	50345_0
50353_0	50353_0
50361_0	50361_0
50362_0	50362_0
50362_0	34344_0
50366_0	50366_0
50366_0	26803_0
50371_0	50371_0
50387_0	50387_0
50387_0	50422_0
50391_0	50391_0
50391_0	34534_0
50392_0	50392_0
50401_0	50401_0
50402_0	50402_0
50402_0	50259_0
50403_0	50403_0
50404_0	50404_0
50409_0	50409_0
50411_0	50411_0
50411_0	4136_0
50412_0	50412_0
50412_1	50412_1
50412_1	27895_0
50412_1	27916_0
50414_0	50414_0
50425_0	50425_0
50426_0	50426_0
50427_0	50427_0
50428_0	50428_0
50430_0	50430_0
50430_0	50431_0
50430_0	50432_0
50430_0	50433_0
50443_0	50443_0
50443_0	36426_0
50444_0	50444_0
50444_0	15531_0
50446_0	50446_0
50448_0	50448_0
50449_0	50449_0
50450_0	50450_0
50451_0	50451_0
50453_0	50453_0
50453_0	50452_0
50454_0	50454_0
50454_0	50455_0
50454_0	50456_0
50454_0	50457_0
50454_0	50458_0
50454_0	50459_0
50454_0	50460_0
50454_0	50461_0
50465_0	50465_0
50469_0	50469_0
50470_0	50470_0
50473_0	50473_0
50477_0	50477_0
50478_0	50478_0
50507_0	50507_0
50509_0	50509_0
50512_0	50512_0
50516_0	50516_0
50516_0	15618_0
50516_0	15469_0
50517_0	50517_0
50518_0	50518_0
50524_0	50524_0
50524_0	28061_0
50525_0	50525_0
50526_0	50526_0
50526_1	50526_1
50540_0	50540_0
50540_1	50540_1
50543_0	50543_0
50543_0	34570_0
50545_0	50545_0
50545_0	27034_0
50548_0	50548_0
50548_1	50548_1
50548_1	18165_0
50550_0	50550_0
50550_0	4384_0
50574_0	50574_0
50576_0	50576_0
50576_0	50476_0
50592_0	50592_0
50593_0	50593_0
50594_0	50594_0
50595_0	50595_0
50596_0	50596_0
50612_0	50612_0
50618_0	50618_0
50618_0	50619_0
50618_0	51710_0
50621_0	50621_0
50621_0	50513_0
50621_0	50622_0
50621_0	50725_0
50627_0	50627_0
50627_0	50628_0
50638_0	50638_0
50650_0	50650_0
50650_0	26748_0
50680_0	50680_0
50683_0	50683_0
50683_0	51831_0
50687_0	50687_0
50688_0	50688_0
50691_0	50691_0
50697_0	50697_0
50697_0	50733_0
50697_0	50735_0
50698_0	50698_0
50698_0	15814_0
50698_0	34249_0
50698_0	50702_0
50698_0	51028_0
50698_0	51075_0
50701_0	50701_0
50711_0	50711_0
50712_0	50712_0
50712_0	34409_0
50713_0	50713_0
50714_0	50714_0
50714_0	51833_0
50714_0	51834_0
50734_0	50734_0
50734_0	50745_0
50734_0	50734
50737_0	50737_0
50738_0	50738_0
50740_0	50740_0
50743_0	50743_0
50747_0	50747_0
50751_0	50751_0
50752_0	50752_0
50754_0	50754_0
50766_0	50766_0
50771_0	50771_0
50772_0	50772_0
50776_0	50776_0
50779_0	50779_0
50779_0	50778_0
50781_0	50781_0
50781_0	5665_0
50782_0	50782_0
50783_0	50783_0
50784_0	50784_0
50785_0	50785_0
50787_0	50787_0
50789_0	50789_0
50789_0	51683_0
50793_0	50793_0
50795_0	50795_0
50796_0	50796_0
50797_0	50797_0
50799_0	50799_0
50803_0	50803_0
50804_0	50804_0
50808_0	50808_0
50811_0	50811_0
50812_0	50812_0
50813_0	50813_0
50814_0	50814_0
50814_0	50815_0
50814_0	50816_0
50814_0	50817_0
50814_0	50818_0
50824_0	50824_0
50824_0	50825_0
50824_0	50826_0
50824_0	51239_0
50824_0	51240_0
50828_0	50828_0
50828_0	50827_0
50828_0	50829_0
50828_0	51290_0
50828_0	51291_0
50828_0	51292_0
50842_0	50842_0
50860_0	50860_0
50862_0	50862_0
50862_0	50861_0
50864_0	50864_0
50864_0	50863_0
50865_1	50865_1
50865_1	50866_0
50865_1	50867_1
50887_0	50887_0
50888_0	50888_0
50890_0	50890_0
50897_0	50897_0
50897_0	19584_0
50897_0	50898_0
50901_0	50901_0
50905_0	50905_0
50905_0	50904_0
50906_0	50906_0
50906_0	27475_0
50907_0	50907_0
50908_0	50908_0
50909_0	50909_0
50909_0	7280_0
50909_0	5654_0
50909_0	5875_0
50909_0	15283_0
50909_0	15380_0
50909_0	16627_0
50909_0	16873_0
50909_0	17810_0
50909_0	18397_0
50909_0	18531_0
50909_0	25909_0
50909_0	25910_0
50909_0	26630_0
50909_0	26632_0
50909_0	26716_0
50909_0	27030_0
50909_0	27031_0
50909_0	27032_0
50909_0	30088_0
50909_0	30220_0
50909_0	30221_0
50909_0	30222_0
50909_0	30223_0
50909_0	30532_0
50909_0	50910_0
50909_0	5839
50912_0	50912_0
50916_0	50916_0
50920_0	50920_0
50921_0	50921_0
50936_0	50936_0
50940_0	50940_0
50941_0	50941_0
50942_0	50942_0
50944_0	50944_0
50946_0	50946_0
50953_0	50953_0
50955_0	50955_0
50955_0	51379_0
50955_0	51659_0
50957_0	50957_0
50961_0	50961_0
50962_0	50962_0
50964_0	50964_0
50964_0	25479_0
50966_0	50966_0
50970_0	50970_0
50970_0	26657_0
50970_0	50393_0
50970_0	50394_0
50970_0	50395_0
50970_0	50396_0
50970_0	50397_0
50970_0	50971_0
50972_0	50972_0
50972_0	17148_0
50977_0	50977_0
50977_0	50976_0
50993_0	50993_0
50997_0	50997_0
51011_0	51011_0
51016_0	51016_0
51016_0	51015_0
51019_0	51019_0
51019_0	51018_0
51021_0	51021_0
51021_0	27307_0
51023_0	51023_0
51029_0	51029_0
51033_0	51033_0
51038_0	51038_0
51051_0	51051_0
51054_0	51054_0
51056_0	51056_0
51056_0	51055_0
51059_0	51059_0
51059_0	25224_0
51067_0	51067_0
51068_0	51068_0
51069_0	51069_0
51070_0	51070_0
51072_0	51072_0
51073_0	51073_0
51073_0	5973_0
51077_0	51077_0
51078_0	51078_0
51081_0	51081_0
51083_0	51083_0
51085_0	51085_0
51085_0	4779_0
51085_0	5953_0
51085_0	5954_0
51086_0	51086_0
51086_0	17276_0
51087_0	51087_0
51090_0	51090_0
51091_0	51091_0
51092_0	51092_0
51093_0	51093_0
51094_0	51094_0
51096_0	51096_0
51102_0	51102_0
51104_0	51104_0
51106_0	51106_0
51110_0	51110_0
51111_0	51111_0
51112_0	51112_0
51113_0	51113_0
51114_0	51114_0
51116_0	51116_0
51118_0	51118_0
51118_0	51117_0
51121_0	51121_0
51121_0	17665_0
51121_0	5744_0
51121_0	6968_0
51121_0	16342_0
51121_0	16904_0
51121_0	16939_0
51121_0	17214_0
51121_0	17648_0
51121_0	17649_0
51121_0	17654_0
51121_0	17910_0
51121_0	18207_0
51121_0	18208_0
51121_0	18232_0
51121_0	18857_0
51121_0	19257_0
51121_0	19337_0
51121_0	19338_0
51121_0	19344_0
51121_0	19345_0
51121_0	19346_0
51121_0	19347_0
51121_0	19348_0
51121_0	19349_0
51121_0	19350_0
51121_0	19351_0
51121_0	25227_0
51121_0	25228_0
51121_0	25518_0
51121_0	25535_0
51121_0	26557_0
51121_0	26890_0
51121_0	27074_0
51121_0	27076_0
51121_0	27348_0
51121_0	27586_0
51121_0	27796_0
51121_0	27900_0
51121_0	27901_0
51121_0	28045_0
51121_0	50746_0
51121_0	50852_0
51121_0	50895_0
51121_0	50896_0
51121_0	51120_0
51121_0	51633_0
51123_0	51123_0
51123_0	51122_0
51126_0	51126_0
51132_0	51132_0
51133_0	51133_0
51135_0	51135_0
51139_0	51139_0
51139_0	51130_0
51146_0	51146_0
51146_0	26709_0
51146_0	51145_0
51147_0	51147_0
51149_1	51149_1
51149_1	19080_1
51162_0	51162_0
51162_0	51160_0
51165_0	51165_0
51172_0	51172_0
51173_0	51173_0
51173_0	50118_0
51173_0	50114_0
51175_0	51175_0
51179_0	51179_0
51184_0	51184_0
51186_0	51186_0
51193_0	51193_0
51198_0	51198_0
51198_0	51200_0
51198_0	51202_0
51201_0	51201_0
51205_0	51205_0
51205_0	51204_0
51205_0	51207_0
51208_0	51208_0
51210_0	51210_0
51210_0	51209_0
51211_0	51211_0
51224_1	51224_1
51224_1	51223_0
51224_1	51305_0
51224_1	51306_0
51224_1	51307_0
51224_1	51308_0
51224_1	51309_0
51227_0	51227_0
51231_0	51231_0
51233_0	51233_0
51233_0	51232_0
51237_0	51237_0
51237_0	27498_0
51253_0	51253_0
51254_0	51254_0
51255_0	51255_0
51257_0	51257_0
51258_0	51258_0
51262_1	51262_1
51262_1	27457_0
51269_0	51269_0
51269_0	51270_0
51269_0	51271_0
51269_0	51272_0
51269_0	51273_0
51269_0	51274_0
51269_0	51275_0
51269_0	51276_0
51269_0	51277_0
51269_0	51278_0
51269_0	51279_0
51269_0	51280_0
51281_0	51281_0
51282_0	51282_0
51285_0	51285_0
51286_0	51286_0
51288_0	51288_0
51296_0	51296_0
51297_0	51297_0
51301_0	51301_0
51315_0	51315_0
51315_0	51314_0
51316_0	51316_0
51317_0	51317_0
51318_0	51318_0
51324_0	51324_0
51324_0	27473_0
51325_0	51325_0
51327_0	51327_0
51327_0	5923_0
51327_0	5925_0
51327_0	25500_0
51327_0	25501_0
51331_0	51331_0
51335_0	51335_0
51335_0	15274_0
51335_0	51334_0
51336_0	51336_0
51339_0	51339_0
51339_0	30901_0
51339_0	51338_0
51340_0	51340_0
51343_0	51343_0
51343_0	51344_0
51343_0	51345_0
51351_0	51351_0
51351_0	51356_0
51351_0	51358_0
51353_0	51353_0
51354_0	51354_0
51355_0	51355_0
51359_0	51359_0
51360_0	51360_0
51362_0	51362_0
51368_0	51368_0
51368_0	51370_0
51368_0	51371_0
51376_0	51376_0
51377_0	51377_0
51381_0	51381_0
51384_0	51384_0
51391_0	51391_0
51391_0	51284_0
51397_0	51397_0
51397_0	51396_0
51399_0	51399_0
51399_0	51398_0
51401_0	51401_0
51404_0	51404_0
51404_0	12032_0
51404_0	16376_0
51404_0	27539_0
51404_0	27541_0
51404_0	51403_0
51405_0	51405_0
51406_0	51406_0
51412_0	51412_0
51412_0	51169_0
51421_0	51421_0
51421_0	51420_0
51424_0	51424_0
51424_0	51423_0
51427_0	51427_0
51428_0	51428_0
51433_0	51433_0
51439_0	51439_0
51440_0	51440_0
51448_0	51448_0
51471_0	51471_0
51471_0	51470_0
51472_0	51472_0
51472_0	16694_1
51473_0	51473_0
18779_0	18779_0
18782_0	18782_0
18789_0	18789_0
18794_0	18794_0
18801_0	18801_0
18803_0	18803_0
18805_0	18805_0
18806_0	18806_0
18808_0	18808_0
18808_1	18808_1
18808_1	19034_0
18811_0	18811_0
18812_0	18812_0
18813_0	18813_0
18816_0	18816_0
18818_0	18818_0
18819_0	18819_0
18820_0	18820_0
18823_0	18823_0
18825_0	18825_0
18825_0	18824_0
18826_0	18826_0
18826_0	16637_0
18828_0	18828_0
18829_0	18829_0
18832_0	18832_0
18832_0	18327_0
18833_0	18833_0
18833_0	4123_0
18833_0	4124_0
18833_0	4516_0
18833_0	6091_0
18833_0	6092_0
18833_0	18834_0
18833_0	34688_0
18833_0	34689_0
18833_0	5937_0
18837_0	18837_0
18841_0	18841_0
18842_1	18842_1
18843_0	18843_0
18848_0	18848_0
18849_0	18849_0
18850_0	18850_0
18853_0	18853_0
18855_0	18855_0
18855_0	18836_0
18856_0	18856_0
18863_0	18863_0
18867_0	18867_0
18867_0	19644_0
18867_0	19645_0
18867_0	19648_0
18867_0	19649_0
18870_0	18870_0
18874_0	18874_0
18874_0	7210_0
18874_0	11354_0
18874_0	27654_0
18877_0	18877_0
18880_0	18880_0
18882_0	18882_0
18883_0	18883_0
18884_0	18884_0
18884_0	19650_0
18884_0	19651_0
18887_0	18887_0
18889_0	18889_0
18890_0	18890_0
18895_0	18895_0
18896_0	18896_0
18899_0	18899_0
18901_0	18901_0
18904_0	18904_0
18905_0	18905_0
18906_0	18906_0
18908_0	18908_0
18909_0	18909_0
18910_0	18910_0
18911_0	18911_0
18911_0	18900_0
18912_0	18912_0
18917_0	18917_0
18920_0	18920_0
18933_0	18933_0
18933_0	5010_0
18939_0	18939_0
18941_0	18941_0
18941_0	4553_0
18943_0	18943_0
18944_0	18944_0
18944_0	19511_0
18944_0	25849_0
18945_0	18945_0
18946_0	18946_0
18947_0	18947_0
18949_0	18949_0
18949_0	7091_0
18951_0	18951_0
18953_0	18953_0
18954_0	18954_0
18955_0	18955_0
18956_0	18956_0
18958_0	18958_0
18961_0	18961_0
18966_0	18966_0
18967_0	18967_0
18977_0	18977_0
18977_0	18228_0
18980_0	18980_0
18980_0	4781_1
18982_1	18982_1
18986_0	18986_0
18987_0	18987_0
18989_0	18989_0
18990_0	18990_0
18992_0	18992_0
18992_0	18991_0
18992_0	19273_0
18993_0	18993_0
18994_0	18994_0
19000_0	19000_0
19001_0	19001_0
19002_0	19002_0
19003_0	19003_0
19006_0	19006_0
19007_0	19007_0
19008_0	19008_0
19011_0	19011_0
19012_0	19012_0
19013_0	19013_0
19014_0	19014_0
19023_0	19023_0
19025_0	19025_0
19025_0	17937_0
19025_0	17938_0
19025_0	19031_0
19025_0	25005_0
19027_0	19027_0
19028_0	19028_0
19029_0	19029_0
19033_0	19033_0
19037_0	19037_0
19041_0	19041_0
19041_0	19531_0
19041_0	19532_0
19042_0	19042_0
19045_0	19045_0
19047_0	19047_0
19047_0	19048_0
19047_0	27564_0
19054_0	19054_0
19055_0	19055_0
19055_0	15225_0
19056_0	19056_0
19066_0	19066_0
19066_0	19254_0
19066_0	19255_0
19066_0	19256_0
19066_0	26541_0
19067_0	19067_0
19068_0	19068_0
19074_0	19074_0
19074_0	18963_0
19078_0	19078_0
19079_0	19079_0
19080_0	19080_0
19082_0	19082_0
19087_0	19087_0
19088_0	19088_0
19095_0	19095_0
19095_0	50523_0
19098_0	19098_0
19105_0	19105_0
19106_0	19106_0
19107_0	19107_0
19110_0	19110_0
19110_0	16448_0
19111_0	19111_0
19115_0	19115_0
19125_0	19125_0
19125_0	11463_1
19126_0	19126_0
19134_0	19134_0
19135_0	19135_0
19136_0	19136_0
19138_0	19138_0
19139_0	19139_0
19143_0	19143_0
19145_0	19145_0
19145_0	19144_0
19146_0	19146_0
19147_0	19147_0
19148_0	19148_0
19149_0	19149_0
19150_0	19150_0
19155_0	19155_0
19156_0	19156_0
19160_0	19160_0
19160_0	4098_0
19160_0	15429_0
19160_0	15433_0
19160_0	15434_0
19160_0	17302_0
19160_0	17303_0
19160_0	19188_0
19160_0	19189_0
19160_0	25333_0
19160_0	27129_0
19160_0	27136_0
19160_0	27509_0
19160_0	27510_0
19160_0	30477_0
19160_0	19189
19163_0	19163_0
19163_0	18190_0
19164_0	19164_0
19165_0	19165_0
19165_0	27693_0
19165_0	36045_0
19165_0	50437_0
19167_0	19167_0
19168_0	19168_0
19169_0	19169_0
19171_0	19171_0
19178_0	19178_0
19179_0	19179_0
19181_0	19181_0
19185_0	19185_0
19187_0	19187_0
19191_0	19191_0
19195_0	19195_0
19196_0	19196_0
19196_0	19193_0
19197_0	19197_0
19197_0	4271_0
19198_0	19198_0
19200_0	19200_0
19206_0	19206_0
19211_0	19211_0
19211_0	5117_0
19211_0	5948_0
19211_0	5949_0
19211_0	17963_0
19211_0	19210_0
19211_0	19212_0
19214_0	19214_0
19214_0	19213_0
19216_0	19216_0
19217_0	19217_0
19218_0	19218_0
19220_0	19220_0
19221_0	19221_0
19225_0	19225_0
19228_0	19228_0
19228_0	19227_0
19229_0	19229_0
19230_0	19230_0
19230_1	19230_1
19231_0	19231_0
19234_0	19234_0
19234_0	19233_0
19235_0	19235_0
19236_0	19236_0
19236_0	7370_0
19244_0	19244_0
19246_0	19246_0
19248_1	19248_1
19248_1	7301_0
19248_1	19203_0
19251_0	19251_0
19252_0	19252_0
19253_0	19253_0
19266_0	19266_0
19267_0	19267_0
19270_0	19270_0
19271_0	19271_0
19274_0	19274_0
19282_0	19282_0
19283_0	19283_0
19285_0	19285_0
19286_0	19286_0
19286_0	16905_0
19287_0	19287_0
19288_0	19288_0
19290_0	19290_0
19290_0	27613_0
19293_0	19293_0
19293_0	19061_0
19294_0	19294_0
19298_0	19298_0
19300_0	19300_0
19302_0	19302_0
19303_0	19303_0
19312_0	19312_0
19314_0	19314_0
19315_0	19315_0
19317_0	19317_0
19317_0	18124_0
19318_0	19318_0
19319_0	19319_0
19321_0	19321_0
19322_0	19322_0
19322_1	19322_1
19325_0	19325_0
19327_0	19327_0
19328_0	19328_0
19329_0	19329_0
19330_0	19330_0
19333_0	19333_0
19333_1	19333_1
19333_1	15606_1
19333_2	19333_2
19333_2	15606_2
19335_0	19335_0
19335_0	16803_0
19335_0	17453_0
19335_0	19336_0
19335_0	26991_0
19335_0	34232_1
19335_0	19335
19339_0	19339_0
19340_0	19340_0
19353_0	19353_0
19354_0	19354_0
19357_0	19357_0
19357_0	19358_0
19357_0	27102_0
19357_0	27103_0
19363_0	19363_0
19363_0	19362_0
19364_0	19364_0
19365_0	19365_0
19365_0	26970_0
19365_0	26971_0
19365_0	34036_0
19366_0	19366_0
19366_0	19367_0
19366_0	34172_0
19368_0	19368_0
19370_0	19370_0
19370_0	4581_0
19370_0	6699_0
19370_0	16340_0
19370_0	19369_0
19370_0	19371_0
19370_0	CD9K
19372_0	19372_0
19379_0	19379_0
19380_0	19380_0
19390_0	19390_0
19391_0	19391_0
19392_0	19392_0
19394_0	19394_0
19395_0	19395_0
19395_0	5455_0
19395_0	5755_0
19395_0	15949_0
19397_0	19397_0
19397_0	27527_0
19398_0	19398_0
19403_0	19403_0
19404_0	19404_0
19415_0	19415_0
19415_0	18898_0
19416_0	19416_0
19417_0	19417_0
19419_0	19419_0
19421_0	19421_0
19421_0	5706_0
19421_0	19422_0
19423_0	19423_0
19423_0	17632_0
19426_0	19426_0
19426_0	5236_0
19427_0	19427_0
19429_0	19429_0
19429_0	19428_0
19431_0	19431_0
19433_0	19433_0
19436_0	19436_0
19438_0	19438_0
19442_0	19442_0
19443_0	19443_0
19443_0	4380_0
19444_0	19444_0
19444_0	19439_0
19446_0	19446_0
19447_0	19447_0
19447_0	16641_0
19449_0	19449_0
19451_0	19451_0
19453_0	19453_0
19458_0	19458_0
19458_0	6149_0
19459_0	19459_0
19460_0	19460_0
19464_0	19464_0
19473_0	19473_0
19473_0	19472_0
19477_0	19477_0
19478_0	19478_0
19479_0	19479_0
19481_0	19481_0
19481_0	19480_0
19482_0	19482_0
19483_0	19483_0
19483_0	19487_0
19483_0	19488_0
19485_0	19485_0
19486_0	19486_0
19489_0	19489_0
19489_0	7025_0
19494_0	19494_0
19494_0	19499_0
19494_0	19500_0
19495_0	19495_0
19496_0	19496_0
19498_0	19498_0
19502_0	19502_0
19508_0	19508_0
19508_0	16082_0
19510_0	19510_0
19510_0	18018_0
19518_0	19518_0
19518_1	19518_1
19523_0	19523_0
19525_0	19525_0
19526_0	19526_0
19530_0	19530_0
19533_0	19533_0
19535_0	19535_0
19539_0	19539_0
19540_0	19540_0
19541_0	19541_0
19542_0	19542_0
19544_0	19544_0
19544_0	15257_1
19544_0	19546_0
19544_0	19547_0
19544_0	19548_0
19544_0	19549_0
19550_0	19550_0
19551_0	19551_0
19551_0	27070_0
19552_0	19552_0
19553_0	19553_0
19554_0	19554_0
19562_0	19562_0
19562_0	4790_0
19563_0	19563_0
19563_0	5981_0
19563_0	19564_0
19563_0	19565_0
19563_0	19566_0
19563_0	19567_0
19568_0	19568_0
19569_0	19569_0
19579_0	19579_0
19585_0	19585_0
19589_0	19589_0
19596_0	19596_0
19598_0	19598_0
19599_0	19599_0
19600_0	19600_0
19601_0	19601_0
19604_1	19604_1
19605_0	19605_0
19606_0	19606_0
19607_0	19607_0
19610_0	19610_0
19613_0	19613_0
19614_0	19614_0
19615_0	19615_0
19615_0	19616_0
19615_0	19743_0
19615_0	19744_0
19617_0	19617_0
19617_0	25600_0
19617_0	25819_0
19618_0	19618_0
19621_0	19621_0
19622_0	19622_0
19623_0	19623_0
19625_0	19625_0
19626_0	19626_0
19626_1	19626_1
19627_0	19627_0
19628_0	19628_0
19632_0	19632_0
19633_0	19633_0
19635_0	19635_0
19642_0	19642_0
19643_0	19643_0
19646_0	19646_0
51475_0	51475_0
51478_0	51478_0
51478_0	34717_0
51479_0	51479_0
51481_0	51481_0
51483_0	51483_0
51485_0	51485_0
51486_0	51486_0
51488_0	51488_0
51495_0	51495_0
51503_0	51503_0
51503_0	51502_0
51504_0	51504_0
51508_0	51508_0
51508_0	15313_0
51516_0	51516_0
51516_0	19049_0
51518_0	51518_0
51521_0	51521_0
51522_0	51522_0
51532_0	51532_0
51534_0	51534_0
51565_0	51565_0
51566_0	51566_0
51597_0	51597_0
51597_0	51596_0
51598_0	51598_0
51603_0	51603_0
51603_0	51604_0
51603_0	51605_0
51611_0	51611_0
51624_1	51624_1
51625_0	51625_0
51628_0	51628_0
51628_0	51627_0
51631_0	51631_0
51631_0	34692_1
51632_0	51632_0
51637_0	51637_0
51638_0	51638_0
51649_0	51649_0
51650_0	51650_0
51654_0	51654_0
51688_0	51688_0
51689_0	51689_0
51696_1	51696_1
51700_0	51700_0
51713_0	51713_0
51717_0	51717_0
51719_0	51719_0
51719_0	30904_0
51724_0	51724_0
51724_0	51701_0
51731_0	51731_0
51756_0	51756_0
51758_0	51758_0
51770_0	51770_0
51770_0	51769_0
51779_0	51779_0
51779_0	51402_0
51780_0	51780_0
51782_0	51782_0
51786_0	51786_0
51786_1	51786_1
51787_0	51787_0
51787_1	51787_1
51792_0	51792_0
51793_0	51793_0
51811_0	51811_0
51812_0	51812_0
51827_0	51827_0
51871_0	51871_0
27011	27011
27011	34089_0
28132	28132
28132	28132_0
ACRIIA4	ACRIIA4
ACRIIA4	36085_0
BINASE	BINASE
BINASE	4964_0
IFNAR2	IFNAR2
IFNAR2	5049_0
OMP	OMP
OMP	4735_0
RFAHTD	RFAHTD
MK12	MK12
CDNFCT	CDNFCT
UVRDTD	UVRDTD
MFDTD	MFDTD
MFDTD	50219_0
CDNFSP	CDNFSP
CDNFSP	18269_0
ISDHN2	ISDHN2
6838	6838
6838	6838_0
19830_0	19830_0
19831_0	19831_0
19834_0	19834_0
19835_1	19835_1
19835_1	19836_1
19835_1	19837_1
19835_1	27239_0
19840_0	19840_0
19841_0	19841_0
19843_0	19843_0
19844_0	19844_0
19845_0	19845_0
19848_0	19848_0
19850_0	19850_0
19850_0	11249_0
19850_1	19850_1
19850_1	19849_0
19851_0	19851_0
19852_0	19852_0
19852_0	19854_0
19852_0	25554_0
19855_0	19855_0
19855_0	19084_0
19859_0	19859_0
19860_0	19860_0
19866_0	19866_0
19869_0	19869_0
19872_0	19872_0
19876_0	19876_0
19879_0	19879_0
19881_0	19881_0
19881_0	19714_0
19885_0	19885_0
19885_0	19083_0
19893_0	19893_0
19904_0	19904_0
19906_0	19906_0
19906_0	4283_0
19908_0	19908_0
19908_0	19907_0
19916_0	19916_0
19916_0	19915_0
19921_0	19921_0
19921_0	5284_0
19921_0	5285_0
19921_0	6134_0
19921_0	7356_0
19921_0	7357_0
19921_0	15082_0
19921_0	19727_0
19926_0	19926_0
19926_0	19875_0
19928_0	19928_0
19938_0	19938_0
19938_0	19452_0
19941_0	19941_0
19942_0	19942_0
19942_0	25032_0
19943_0	19943_0
19943_0	17137_0
19943_0	25085_0
19943_0	34009_0
19945_0	19945_0
19949_0	19949_0
19949_0	19948_0
19955_0	19955_0
19957_0	19957_0
19958_1	19958_1
19959_0	19959_0
19960_0	19960_0
19963_0	19963_0
19966_0	19966_0
19967_0	19967_0
19968_0	19968_0
19970_0	19970_0
19971_0	19971_0
19974_0	19974_0
19974_0	17957_0
19977_0	19977_0
19977_0	19891_0
19977_0	25111_0
19984_0	19984_0
19985_0	19985_0
19987_0	19987_0
19988_0	19988_0
19994_0	19994_0
19996_0	19996_0
19996_0	25021_0
19996_0	26587_0
19996_0	26588_0
19998_0	19998_0
19999_0	19999_0
25001_0	25001_0
25001_0	16748_0
25002_0	25002_0
25010_0	25010_0
25010_0	25007_0
25018_0	25018_0
25023_0	25023_0
25024_0	25024_0
25025_0	25025_0
25026_0	25026_0
25027_0	25027_0
25028_0	25028_0
25030_0	25030_0
25033_0	25033_0
25036_0	25036_0
25037_0	25037_0
25041_0	25041_0
25041_0	25038_0
25042_0	25042_0
25042_0	25039_0
25043_0	25043_0
25043_0	25040_0
25044_0	25044_0
25044_0	18767_0
25046_0	25046_0
25046_0	19297_0
25046_0	27854_0
25047_0	25047_0
25047_1	25047_1
25047_1	25442_1
25060_0	25060_0
25060_0	25059_0
25062_0	25062_0
25065_0	25065_0
25065_0	25064_0
25066_0	25066_0
25067_0	25067_0
25068_0	25068_0
25071_0	25071_0
25071_0	25070_1
25077_0	25077_0
25080_0	25080_0
25083_0	25083_0
25084_0	25084_0
25088_0	25088_0
25088_0	25803_0
25092_0	25092_0
25092_0	25086_0
25094_0	25094_0
25094_0	25093_0
25098_0	25098_0
25102_0	25102_0
25109_0	25109_0
25109_0	25076_0
25113_0	25113_0
25119_0	25119_0
25119_0	25118_0
25127_0	25127_0
25138_0	25138_0
25139_0	25139_0
25141_0	25141_0
25141_0	25137_0
25147_0	25147_0
25148_0	25148_0
25150_0	25150_0
25151_0	25151_0
25155_0	25155_0
25155_0	25153_0
25156_0	25156_0
25157_0	25157_0
25158_0	25158_0
25158_0	4524_0
25159_0	25159_0
25160_0	25160_0
25166_0	25166_0
25167_0	25167_0
25167_0	19910_0
25168_0	25168_0
25171_0	25171_0
25171_1	25171_1
25171_1	34475_0
25172_0	25172_0
25173_0	25173_0
25175_0	25175_0
25177_0	25177_0
25177_0	4126_0
25179_0	25179_0
25179_0	25180_0
25179_0	25586_0
25179_0	25676_0
25181_0	25181_0
25181_0	25178_0
25182_0	25182_0
25182_0	25183_0
25184_0	25184_0
25184_0	25185_0
25188_0	25188_0
25193_0	25193_0
25194_0	25194_0
25195_0	25195_0
25196_0	25196_0
25196_0	15563_0
25197_0	25197_0
25199_0	25199_0
25199_0	4492_0
25210_0	25210_0
25213_0	25213_0
25214_0	25214_0
25217_0	25217_0
25219_0	25219_0
25221_0	25221_0
25222_0	25222_0
25222_0	18256_0
25222_0	50718_0
25222_0	50719_0
25222_0	50722_0
25222_0	50723_0
25223_0	25223_0
25225_0	25225_0
25225_0	25226_0
25225_0	34547_0
25225_0	34548_0
25230_0	25230_0
25230_0	25229_0
25239_0	25239_0
25240_0	25240_0
25241_0	25241_0
25242_0	25242_0
25250_0	25250_0
25250_0	17034_0
25250_0	4307_0
25250_0	4434_0
25250_0	4563_0
25250_0	4641_0
25250_0	6380_0
25250_0	6383_0
25250_0	6953_0
25250_0	7142_0
25250_0	15394_0
25250_0	15399_0
25250_0	15676_0
25250_0	15845_0
25250_0	16071_0
25250_0	16075_0
25250_0	16076_0
25250_0	16077_0
25250_0	16078_0
25250_0	16079_0
25250_0	16080_0
25250_0	16183_0
25250_0	16184_0
25250_0	16328_0
25250_0	16616_0
25250_0	16720_0
25250_0	16722_0
25250_0	16723_0
25250_0	16743_0
25250_0	17081_0
25250_0	17082_0
25250_0	17084_0
25250_0	17087_0
25250_0	17174_0
25250_0	17213_0
25250_0	17714_0
25250_0	17780_0
25250_0	18426_0
25250_0	18550_0
25250_0	19268_0
25250_0	26998_0
25250_0	27259_0
25250_0	27264_0
25250_0	27835_0
25250_0	34003_0
25250_0	34236_0
25250_0	50544_0
25250_0	50950_0
25250_0	50951_0
25250_0	50952_0
25250_0	25251_0
25259_0	25259_0
25263_0	25263_0
25264_0	25264_0
25265_0	25265_0
25266_0	25266_0
25269_0	25269_0
25269_0	16747_0
25271_0	25271_0
25271_0	5298_0
25276_0	25276_0
25276_0	25275_0
25277_0	25277_0
25280_0	25280_0
25281_0	25281_0
25282_0	25282_0
25288_0	25288_0
25288_0	25145_0
25289_0	25289_0
25289_0	19393_0
25289_0	17793_0
25289_0	11435_0
25289_0	17159_0
25289_0	17794_0
25289_0	17795_0
25289_0	17796_0
25289_0	25218_0
25289_0	25429_0
25289_0	26307_0
25289_0	26678_0
25289_0	26692_0
25289_0	27212_0
25289_0	30121_0
25289_0	30731_0
25289_0	34454_0
25289_0	34455_0
25289_0	34455_1
25289_0	34456_0
25289_0	34456_1
25289_0	34762_0
25289_0	34763_0
25289_0	51008_0
25289_0	51009_0
25290_0	25290_0
25290_0	18595_0
25294_0	25294_0
25296_1	25296_1
25298_0	25298_0
25302_0	25302_0
25303_0	25303_0
25303_0	25305_0
25303_0	25406_0
25304_0	25304_0
25304_0	25301_0
25307_0	25307_0
25308_0	25308_0
25312_0	25312_0
25324_0	25324_0
25324_0	25306_0
25326_0	25326_0
25327_0	25327_0
25330_0	25330_0
25330_0	25328_0
25334_0	25334_0
25334_0	15423_0
25338_0	25338_0
25345_0	25345_0
25346_0	25346_0
25350_0	25350_0
25350_0	17357_0
25358_0	25358_0
25364_0	25364_0
25371_0	25371_0
25376_0	25376_0
25376_0	25143_0
25379_0	25379_0
25380_0	25380_0
25381_0	25381_0
25382_0	25382_0
25384_0	25384_0
25386_0	25386_0
25387_0	25387_0
25391_0	25391_0
25393_0	25393_0
25395_0	25395_0
25396_0	25396_0
25398_0	25398_0
25398_0	25397_0
25399_0	25399_0
25399_0	26576_0
25399_0	27021_0
25400_0	25400_0
25402_0	25402_0
25404_0	25404_0
25407_0	25407_0
25407_0	25405_0
25410_0	25410_0
25417_0	25417_0
25421_0	25421_0
25421_0	25031_0
25423_0	25423_0
25428_0	25428_0
25430_0	25430_0
25432_0	25432_0
25434_0	25434_0
25435_0	25435_0
25436_0	25436_0
25436_0	10072_0
25436_0	25469_0
25437_0	25437_0
25439_0	25439_0
25441_0	25441_0
25445_0	25445_0
25446_0	25446_0
25446_0	25447_0
25448_0	25448_0
25448_0	18012_0
25449_0	25449_0
25451_0	25451_0
25453_0	25453_0
25454_0	25454_0
25459_0	25459_0
25461_0	25461_0
25462_0	25462_0
25464_0	25464_0
25466_0	25466_0
25466_0	30150_0
25466_0	50276_0
25466_0	36133_1
25466_0	6578_0
25466_0	7013_0
25466_0	18238_0
25466_0	18250_0
25466_0	18793_0
25466_0	51432_0
25468_0	25468_0
25481_0	25481_0
25482_0	25482_0
25483_0	25483_0
25483_0	16264_0
25487_0	25487_0
25487_0	25486_0
25496_0	25496_0
25497_0	25497_0
25498_0	25498_0
25499_0	25499_0
25504_1	25504_1
25508_0	25508_0
25509_0	25509_0
25510_0	25510_0
25513_0	25513_0
25515_0	25515_0
25533_0	25533_0
25541_0	25541_0
25541_0	25542_0
25543_0	25543_0
25544_0	25544_0
25544_0	30500_0
25549_0	25549_0
25556_0	25556_0
25556_1	25556_1
25556_1	18000_1
25557_0	25557_0
25560_0	25560_0
25562_0	25562_0
25565_0	25565_0
25567_0	25567_0
25567_0	25342_0
25568_0	25568_0
25575_0	25575_0
25575_0	16127_0
25576_0	25576_0
25576_0	6304_0
25576_0	16611_0
25576_0	25299_0
25576_0	25553_0
25576_0	27573_0
25576_0	50128_0
25576_0	50949_0
25587_0	25587_0
25590_0	25590_0
25591_0	25591_0
25592_0	25592_0
25593_0	25593_0
25595_0	25595_0
25599_1	25599_1
25605_0	25605_0
25606_0	25606_0
25606_0	25607_0
25609_0	25609_0
25611_0	25611_0
25612_0	25612_0
25618_0	25618_0
25620_0	25620_0
25620_0	25622_0
25620_0	25623_0
25620_0	25626_0
25620_0	30091_0
25620_0	30093_1
25627_0	25627_0
25630_0	25630_0
25634_0	25634_0
25638_0	25638_0
25647_0	25647_0
25652_0	25652_0
25656_0	25656_0
25657_0	25657_0
25658_0	25658_0
25659_0	25659_0
25659_0	25667_0
25659_0	25668_0
25662_0	25662_0
25665_0	25665_0
25666_0	25666_0
25666_0	15132_0
25666_0	25664_0
25677_1	25677_1
25677_1	19516_0
25677_1	27271_0
25684_0	25684_0
25685_0	25685_0
25688_0	25688_0
25689_0	25689_0
25690_0	25690_0
25691_0	25691_0
25692_0	25692_0
25694_1	25694_1
25694_1	15636_1
25698_0	25698_0
25700_0	25700_0
25706_0	25706_0
25708_0	25708_0
25712_0	25712_0
25712_0	34093_0
25712_0	34105_0
25717_0	25717_0
25717_0	25716_0
25718_0	25718_0
25720_0	25720_0
25721_0	25721_0
25727_0	25727_0
25729_0	25729_0
25729_0	18888_0
25732_0	25732_0
25734_0	25734_0
25735_0	25735_0
25735_0	19201_0
25742_0	25742_0
25743_0	25743_0
25744_0	25744_0
25745_0	25745_0
25760_0	25760_0
25761_0	25761_0
25762_0	25762_0
25763_0	25763_0
25766_0	25766_0
25767_0	25767_0
25767_0	18521_0
25770_0	25770_0
25773_0	25773_0
25774_0	25774_0
25775_0	25775_0
25778_0	25778_0
25779_0	25779_0
25788_0	25788_0
25789_0	25789_0
25791_0	25791_0
25791_0	25790_0
25791_1	25791_1
25796_1	25796_1
25799_0	25799_0
25799_0	25798_0
25800_0	25800_0
25800_0	25650_0
25801_0	25801_0
25802_0	25802_0
25804_0	25804_0
25805_0	25805_0
25806_0	25806_0
25808_1	25808_1
25808_1	25722_0
25818_0	25818_0
25818_0	25817_0
25825_0	25825_0
25827_0	25827_0
25829_1	25829_1
25830_0	25830_0
25832_0	25832_0
25833_1	25833_1
25833_1	25828_0
25833_1	27555_0
25833_1	34294_0
25834_0	25834_0
25836_0	25836_0
25838_0	25838_0
25839_0	25839_0
25848_0	25848_0
25850_0	25850_0
25851_0	25851_0
25853_0	25853_0
25856_0	25856_0
25856_0	27349_0
25863_0	25863_0
25864_0	25864_0
25866_0	25866_0
25866_0	25865_0
25868_0	25868_0
25869_0	25869_0
25871_0	25871_0
25871_0	25870_0
25872_0	25872_0
25873_0	25873_0
25877_0	25877_0
25879_0	25879_0
25879_0	25875_0
25880_0	25880_0
25880_0	25878_0
25881_0	25881_0
25883_0	25883_0
25883_0	25829_0
25883_0	25833_0
25885_0	25885_0
25885_0	19609_1
25885_0	11541_0
25885_0	18845_0
25885_0	18846_0
25886_0	25886_0
25887_0	25887_0
25894_0	25894_0
25895_0	25895_0
25895_0	25894_1
25897_0	25897_0
25897_0	25896_0
25899_0	25899_0
25902_0	25902_0
25905_0	25905_0
25912_0	25912_0
25914_0	25914_0
25914_0	25913_0
25918_0	25918_0
25920_1	25920_1
25920_1	16497_1
25921_0	25921_0
25923_0	25923_0
25924_0	25924_0
25924_0	16256_0
25925_0	25925_0
25927_0	25927_0
25933_0	25933_0
25934_0	25934_0
25935_0	25935_0
25943_0	25943_0
25944_0	25944_0
25945_0	25945_0
25950_0	25950_0
25950_0	25951_0
25950_0	25952_0
25956_0	25956_0
25956_0	25955_0
25958_0	25958_0
25958_1	25958_1
25961_0	25961_0
25961_0	25816_0
25964_1	25964_1
25964_1	30099_1
25967_0	25967_0
25968_0	25968_0
25969_0	25969_0
25970_0	25970_0
25975_0	25975_0
25976_0	25976_0
25984_0	25984_0
25984_0	25983_0
25985_0	25985_0
25985_0	19108_0
25988_0	25988_0
25989_0	25989_0
25991_0	25991_0
25992_0	25992_0
25993_0	25993_0
25994_0	25994_0
26001_0	26001_0
26002_0	26002_0
26002_0	26003_0
26004_0	26004_0
26010_0	26010_0
26011_0	26011_0
26012_0	26012_0
26016_0	26016_0
26021_0	26021_0
26022_0	26022_0
26025_0	26025_0
26026_0	26026_0
26027_0	26027_0
26028_0	26028_0
26030_0	26030_0
26030_0	26029_0
26031_0	26031_0
26044_0	26044_0
26045_0	26045_0
26046_0	26046_0
26052_0	26052_0
26053_0	26053_0
26054_0	26054_0
26058_0	26058_0
26060_0	26060_0
26060_0	26059_0
26061_0	26061_0
26063_0	26063_0
26063_0	16817_0
26068_0	26068_0
26069_0	26069_0
26301_0	26301_0
26309_0	26309_0
26312_0	26312_0
26312_0	5329_0
26314_0	26314_0
26315_0	26315_0
26317_0	26317_0
26318_0	26318_0
26321_0	26321_0
26322_0	26322_0
26509_0	26509_0
26517_0	26517_0
26518_0	26518_0
26526_0	26526_0
26527_0	26527_0
26527_0	26529_0
26527_0	30590_2
26530_0	26530_0
26531_0	26531_0
26534_0	26534_0
26534_0	30523_0
26534_0	30523
26544_0	26544_0
26546_0	26546_0
26548_0	26548_0
26549_0	26549_0
26550_0	26550_0
26550_0	25561_0
26553_0	26553_0
26554_0	26554_0
26554_0	16445_0
26558_0	26558_0
26562_0	26562_0
26573_0	26573_0
26573_0	25632_0
26574_0	26574_0
26574_0	25602_0
26575_0	26575_0
26579_0	26579_0
26580_0	26580_0
26582_0	26582_0
26582_0	26577_0
26589_0	26589_0
26591_0	26591_0
26592_0	26592_0
26593_0	26593_0
26599_0	26599_0
26603_0	26603_0
26607_0	26607_0
26618_0	26618_0
26623_0	26623_0
26623_0	16496_1
26624_0	26624_0
26625_0	26625_0
26625_0	10313_0
26627_1	26627_1
26628_0	26628_0
26628_0	27002_0
26631_0	26631_0
26631_0	26629_0
26634_0	26634_0
26634_0	26690_0
26634_0	30153_0
26635_0	26635_0
26635_0	10051_0
26635_0	17610_0
26635_0	17785_0
26635_0	18461_0
26635_0	18479_0
26635_0	18529_0
26635_0	25730_0
26635_0	27387_0
26635_0	27646_0
26635_0	27718_0
26635_0	27719_0
26635_0	27720_0
26635_0	28008_0
26635_0	30694_0
26635_0	30825_0
26635_0	30845_0
26635_0	30906_0
26635_0	50651_0
26635_0	50652_0
26635_0	50774_0
26635_0	51012_0
26635_0	KRAS_CPMG
26636_0	26636_0
26636_0	16876_0
26637_0	26637_0
26638_0	26638_0
26639_0	26639_0
26639_0	26616_0
26642_0	26642_0
26643_0	26643_0
26645_0	26645_0
26647_0	26647_0
26649_0	26649_0
26650_0	26650_0
26653_0	26653_0
26655_0	26655_0
26655_0	26654_0
27287_0	27287_0
27287_0	19182_0
27290_0	27290_0
27298_0	27298_0
27298_0	27241_0
27300_0	27300_0
27301_0	27301_0
27302_0	27302_0
27302_0	34151_0
27302_0	51056_1
27305_0	27305_0
27306_0	27306_0
27313_0	27313_0
27315_0	27315_0
27315_0	15201_0
27315_0	19892_0
27317_0	27317_0
27317_0	27845_0
27317_0	28122_0
27317_0	51294_0
27321_0	27321_0
27324_0	27324_0
27324_0	25740_0
27324_0	27322_0
27324_0	27323_0
27325_0	27325_0
27325_0	27326_0
27327_0	27327_0
27331_0	27331_0
27331_0	27330_0
27332_1	27332_1
27334_0	27334_0
27334_0	27333_0
27336_0	27336_0
27338_0	27338_0
27338_0	7072_0
27338_0	18205_0
27339_0	27339_0
27341_0	27341_0
27342_0	27342_0
27343_0	27343_0
27344_0	27344_0
27345_0	27345_0
27347_0	27347_0
27351_0	27351_0
27353_0	27353_0
27355_0	27355_0
27356_0	27356_0
27358_0	27358_0
27359_0	27359_0
27363_0	27363_0
27363_0	27987_0
27363_0	50730_0
27363_0	50731_0
27363_0	50732_0
27363_0	16842_0
27363_0	18787_0
27363_0	25477_0
27363_0	25874_0
27364_0	27364_0
27364_0	18462_0
27364_0	27366_0
27364_0	27367_0
27364_0	27368_0
27364_0	27369_0
27364_0	27370_0
27364_0	27371_0
27364_0	27372_0
27375_0	27375_0
27375_0	27374_0
27376_0	27376_0
27380_0	27380_0
27381_0	27381_0
27381_0	25267_0
27393_0	27393_0
27394_0	27394_0
27397_0	27397_0
27400_0	27400_0
27401_0	27401_0
27402_0	27402_0
27405_0	27405_0
27405_0	30457_0
27405_0	51187_0
27406_0	27406_0
27408_0	27408_0
27411_0	27411_0
27412_0	27412_0
27414_0	27414_0
27414_0	27416_0
27414_0	27418_0
27414_0	27419_0
27414_0	27421_0
27414_0	27422_0
27414_0	27701_0
27414_0	27702_0
27414_0	27703_0
27415_0	27415_0
27424_0	27424_0
27425_0	27425_0
27426_0	27426_0
27426_0	25426_0
27430_0	27430_0
27430_0	27429_0
27432_0	27432_0
27433_0	27433_0
27436_0	27436_0
27438_0	27438_0
27439_0	27439_0
27443_0	27443_0
27443_0	15519_0
27448_0	27448_0
27448_0	27447_0
27451_0	27451_0
27451_0	4072_0
27451_0	27449_0
27451_0	27450_0
27453_0	27453_0
27459_0	27459_0
27459_0	27455_0
27460_0	27460_0
27461_0	27461_0
27464_0	27464_0
27467_0	27467_0
27476_0	27476_0
27477_0	27477_0
27482_0	27482_0
27483_0	27483_0
27484_0	27484_0
27489_0	27489_0
27490_0	27490_0
27496_0	27496_0
27503_0	27503_0
27508_0	27508_0
27511_0	27511_0
27512_0	27512_0
27512_0	4375_0
27512_0	4769_0
27512_0	5387_0
27512_0	6457_0
27512_0	6466_0
27512_0	7002_0
27512_0	7111_0
27512_0	11505_0
27512_0	11547_0
27512_0	15410_0
27512_0	16626_0
27512_0	16880_1
27512_0	16885_1
27512_0	17439_0
27512_0	17769_0
27512_0	17919_0
27512_0	18582_0
27512_0	18583_0
27512_0	18584_0
27512_0	18610_0
27512_0	18611_0
27512_0	18737_0
27512_0	18831_0
27512_0	19394_1
27512_0	19399_1
27512_0	19406_0
27512_0	19412_0
27512_0	19447_1
27512_0	19670_0
27512_0	25070_0
27512_0	25123_0
27512_0	25230_1
27512_0	25545_1
27512_0	25545_2
27512_0	25601_0
27512_0	25601_1
27512_0	25972_0
27512_0	25973_0
27512_0	27172_0
27512_0	27799_1
27512_0	27802_0
27512_0	27803_0
27512_0	27804_0
27512_0	27805_0
27512_0	27806_0
27512_0	27807_0
27512_0	28042_2
27512_0	28042_3
27512_0	30234_0
27512_0	30275_1
27512_0	30276_0
27512_0	30300_0
27512_0	30602_0
27512_0	30602_1
27512_0	30675_0
27512_0	30675_1
27512_0	30693_0
27512_0	34351_0
27512_0	50330_0
27512_0	6470
27517_0	27517_0
27519_0	27519_0
27519_0	27518_0
27523_0	27523_0
27523_0	34287_0
27523_0	34290_1
27523_0	34291_1
27524_0	27524_0
27526_0	27526_0
10166_0	10166_0
10169_0	10169_0
10170_0	10170_0
10171_0	10171_0
10176_0	10176_0
10178_0	10178_0
10179_0	10179_0
10180_0	10180_0
10182_0	10182_0
10184_0	10184_0
10189_0	10189_0
10192_0	10192_0
10193_0	10193_0
10194_0	10194_0
10195_0	10195_0
10196_0	10196_0
10197_0	10197_0
10198_0	10198_0
10200_0	10200_0
10201_0	10201_0
10202_0	10202_0
10202_0	10309_0
10202_0	11170_0
10203_0	10203_0
10203_0	10177_0
10203_0	10183_0
10206_0	10206_0
10208_0	10208_0
6127_0	6127_0
6128_0	6128_0
6130_0	6130_0
6130_0	6022_0
6130_0	6129_0
6132_0	6132_0
6133_0	6133_0
6138_0	6138_0
6139_0	6139_0
6140_0	6140_0
6143_0	6143_0
6143_0	5534_0
6147_0	6147_0
6148_0	6148_0
6150_0	6150_0
6152_0	6152_0
6152_0	10097_0
6159_0	6159_0
6161_0	6161_0
6167_0	6167_0
6171_0	6171_0
6171_0	6166_0
6172_0	6172_0
6173_0	6173_0
6174_1	6174_1
6175_0	6175_0
6176_0	6176_0
6177_0	6177_0
6178_0	6178_0
6179_0	6179_0
6180_0	6180_0
6181_0	6181_0
6185_0	6185_0
6187_0	6187_0
6188_0	6188_0
6189_0	6189_0
6190_0	6190_0
6195_0	6195_0
6195_0	6196_0
6197_0	6197_0
6198_0	6198_0
6199_0	6199_0
6201_0	6201_0
6201_0	4109_0
6202_0	6202_0
6207_0	6207_0
6208_0	6208_0
6209_0	6209_0
6211_0	6211_0
6212_0	6212_0
6221_0	6221_0
6224_0	6224_0
6225_0	6225_0
6225_0	18229_0
6225_0	18842_0
6225_0	19791_0
6225_0	25540_0
6225_0	25584_0
6225_0	30243_0
6228_0	6228_0
6228_0	16284_0
6228_0	16295_0
6231_0	6231_0
6236_0	6236_0
6238_0	6238_0
6240_0	6240_0
6241_0	6241_0
6241_0	6742_0
6242_0	6242_0
6244_0	6244_0
6247_0	6247_0
6248_0	6248_0
6251_0	6251_0
6251_0	1878_0
6251_0	4010_0
6251_0	4905_0
6251_0	5536_0
6251_0	6250_0
6251_0	6907_0
6251_0	6908_0
6251_0	15232_0
6251_0	15357_0
6251_0	18013_0
6251_0	18788_0
6251_0	50301_0
6251_0	16123_0
6251_0	15901_0
6254_0	6254_0
6255_0	6255_0
6256_0	6256_0
6258_0	6258_0
6258_0	4771_0
6259_0	6259_0
6262_0	6262_0
6265_0	6265_0
6266_0	6266_0
6266_0	15690_1
6266_0	18299_0
6267_0	6267_0
6269_0	6269_0
6270_0	6270_0
6272_0	6272_0
6277_0	6277_0
6277_0	4866_0
6278_0	6278_0
6279_0	6279_0
6281_0	6281_0
6281_1	6281_1
6281_4	6281_4
6282_0	6282_0
6284_0	6284_0
6285_0	6285_0
6286_0	6286_0
6291_0	6291_0
6292_0	6292_0
6297_0	6297_0
6298_0	6298_0
6299_0	6299_0
6300_0	6300_0
6306_0	6306_0
6306_0	6305_0
6308_0	6308_0
6310_0	6310_0
6312_0	6312_0
6313_0	6313_0
6313_0	4849_0
6314_0	6314_0
6315_0	6315_0
6317_0	6317_0
6317_0	17892_0
6317_0	17893_0
6317_0	17894_0
6317_0	17895_0
6317_0	17896_0
6317_0	17897_0
6317_0	17898_0
6318_0	6318_0
6319_0	6319_0
6331_0	6331_0
6332_0	6332_0
6333_0	6333_0
6335_0	6335_0
6336_0	6336_0
6336_0	6330_0
6337_0	6337_0
6337_0	11258_0
6338_0	6338_0
6339_0	6339_0
6341_0	6341_0
6342_0	6342_0
6343_0	6343_0
6344_0	6344_0
6345_0	6345_0
6348_0	6348_0
6348_1	6348_1
6349_0	6349_0
6350_0	6350_0
6351_0	6351_0
6351_0	15226_0
6351_0	15421_0
6353_0	6353_0
6355_0	6355_0
6356_0	6356_0
6356_0	17068_0
6356_0	17641_0
6356_0	19991_0
6357_0	6357_0
6357_0	7236_0
6357_0	7237_0
6357_0	7238_0
6357_0	7239_0
6357_0	15917_0
6357_0	16598_0
6357_0	26586_0
6357_0	26590_0
6357_0	16392
6358_0	6358_0
6359_0	6359_0
6359_0	6453_0
6361_0	6361_0
6363_0	6363_0
6364_0	6364_0
6365_0	6365_0
6366_0	6366_0
6367_0	6367_0
6368_0	6368_0
6369_0	6369_0
6371_0	6371_0
6372_0	6372_0
6373_0	6373_0
6374_0	6374_0
6374_0	16510_0
6374_0	16878_0
6375_0	6375_0
6382_0	6382_0
6384_0	6384_0
6385_0	6385_0
6390_0	6390_0
6391_0	6391_0
6391_0	6444_0
6391_0	7089_0
6392_0	6392_0
6392_0	6393_0
6392_0	7222_0
6392_0	25663_0
6395_0	6395_0
6398_0	6398_0
6404_0	6404_0
6405_0	6405_0
6406_0	6406_0
6407_0	6407_0
6408_0	6408_0
6409_0	6409_0
6410_0	6410_0
6418_0	6418_0
6419_0	6419_0
6427_0	6427_0
6431_0	6431_0
6432_0	6432_0
6433_0	6433_0
6434_0	6434_0
6436_0	6436_0
6438_0	6438_0
6439_0	6439_0
6440_0	6440_0
6442_0	6442_0
6442_0	16147_0
6443_0	6443_0
6445_2	6445_2
6445_2	6275_0
6447_0	6447_0
6448_0	6448_0
6451_0	6451_0
6452_0	6452_0
6454_0	6454_0
6456_0	6456_0
6456_0	6261_0
6460_0	6460_0
6464_0	6464_0
6465_0	6465_0
6469_0	6469_0
6473_0	6473_0
6475_0	6475_0
6476_0	6476_0
6476_0	6162_0
6478_0	6478_0
6478_0	4281_0
6479_0	6479_0
6480_0	6480_0
6480_0	6481_0
6480_0	6482_0
6480_0	6483_0
6489_0	6489_0
6493_0	6493_0
6494_0	6494_0
6494_0	6495_0
6494_0	6496_0
6498_0	6498_0
6500_0	6500_0
6500_0	11203_0
6504_0	6504_0
6504_0	6455_0
6505_0	6505_0
6506_0	6506_0
6508_0	6508_0
6508_0	4312_0
6508_0	6507_0
6510_0	6510_0
6512_0	6512_0
6513_0	6513_0
6513_0	16981_0
6513_0	50337_0
6515_0	6515_0
6516_0	6516_0
6516_0	16506_0
6516_0	16529_0
6516_0	16530_0
6516_0	16531_0
6516_0	16532_0
6516_0	16533_0
6517_0	6517_0
6518_0	6518_0
6519_0	6519_0
6520_0	6520_0
6522_0	6522_0
6522_0	4048_0
6522_0	6521_0
6529_0	6529_0
6530_0	6530_0
6532_0	6532_0
6532_0	6484_0
6532_0	6531_0
6533_0	6533_0
6533_0	18400_0
6535_0	6535_0
6535_0	4127_0
6535_1	6535_1
6538_0	6538_0
6539_0	6539_0
6539_0	6536_0
6540_0	6540_0
6549_0	6549_0
6551_0	6551_0
6551_0	6502_1
6551_0	25232_0
6551_1	6551_1
6551_1	6502_0
6551_1	6851_0
6551_1	25232_1
6555_0	6555_0
6559_0	6559_0
6559_0	6558_0
6565_0	6565_0
6567_0	6567_0
6567_0	6566_0
6568_0	6568_0
6568_0	6569_0
6568_0	15993_0
6568_0	15994_0
6570_0	6570_0
6571_0	6571_0
6572_0	6572_0
6572_0	5239_0
6572_0	5333_0
6573_0	6573_0
6574_0	6574_0
6575_0	6575_0
6577_0	6577_0
6579_0	6579_0
6580_0	6580_0
6582_0	6582_0
6585_0	6585_0
6587_0	6587_0
6588_0	6588_0
6589_0	6589_0
6590_0	6590_0
6593_0	6593_0
6593_0	25837_0
6594_0	6594_0
6597_0	6597_0
6597_0	15928_0
6597_0	50761_0
6597_0	50762_0
6597_0	50763_0
6600_0	6600_0
6600_0	6599_0
6601_0	6601_0
6604_0	6604_0
6604_0	6503_0
6606_0	6606_0
6607_0	6607_0
6609_0	6609_0
6610_0	6610_0
6613_0	6613_0
6615_0	6615_0
6621_0	6621_0
6624_0	6624_0
6626_0	6626_0
6631_0	6631_0
6631_0	34643_0
6635_0	6635_0
6638_0	6638_0
6640_0	6640_0
6642_0	6642_0
6642_0	15084_0
6642_0	15854_0
6642_0	16309_0
6642_0	16310_0
6642_0	17767_0
6643_0	6643_0
6643_0	5599_0
6644_0	6644_0
6646_0	6646_0
6649_0	6649_0
6653_0	6653_0
6655_0	6655_0
6658_0	6658_0
6679_0	6679_0
6682_0	6682_0
6685_0	6685_0
6687_0	6687_0
6688_0	6688_0
6689_0	6689_0
6692_0	6692_0
6693_0	6693_0
6696_0	6696_0
6702_0	6702_0
6702_1	6702_1
6710_0	6710_0
6712_0	6712_0
6713_0	6713_0
6715_0	6715_0
6716_0	6716_0
6717_0	6717_0
6718_0	6718_0
6718_0	5968_0
6723_0	6723_0
6724_0	6724_0
6725_0	6725_0
6726_0	6726_0
6727_0	6727_0
6730_0	6730_0
6731_0	6731_0
6732_0	6732_0
6732_0	6733_0
6732_0	6734_0
6732_0	6735_0
6736_0	6736_0
6737_0	6737_0
6738_0	6738_0
6739_0	6739_0
6740_0	6740_0
6743_0	6743_0
6744_0	6744_0
6745_0	6745_0
6746_0	6746_0
6747_0	6747_0
6748_0	6748_0
6748_0	5959_0
6748_1	6748_1
6749_0	6749_0
6749_0	27227_0
6751_0	6751_0
6752_0	6752_0
6753_0	6753_0
6754_0	6754_0
6755_0	6755_0
6759_0	6759_0
6760_0	6760_0
6760_0	11471_1
6760_0	50325_0
6761_0	6761_0
6762_0	6762_0
6763_0	6763_0
6766_0	6766_0
6769_0	6769_0
6769_0	17995_0
6771_0	6771_0
6771_0	1743_0
6771_0	4207_0
6776_0	6776_0
6777_0	6777_0
6779_0	6779_0
6779_0	6629_0
6780_0	6780_0
6781_0	6781_0
6782_0	6782_0
6784_0	6784_0
6786_0	6786_0
6786_0	6090_0
6787_0	6787_0
6789_0	6789_0
6789_0	7016_0
6789_0	7017_0
6789_0	16994_0
6789_0	17881_0
6789_0	17981_0
6789_0	17982_0
6789_0	17983_0
6789_0	18084_0
6789_0	18323_0
6789_0	19050_0
6789_0	19376_0
6789_0	25344_0
6789_0	25796_0
6789_0	27094_0
6789_0	27711_0
6789_0	27740_0
6789_0	17881
6793_0	6793_0
6794_0	6794_0
6797_0	6797_0
6799_0	6799_0
6801_0	6801_0
6801_0	11267_0
6801_0	19961_1
6801_0	25577_0
6801_0	25901_1
6803_0	6803_0
6804_0	6804_0
6804_0	6805_0
6804_0	6806_0
6804_0	6806_1
6804_0	19043_1
6810_0	6810_0
6811_0	6811_0
6812_0	6812_0
6822_0	6822_0
6823_0	6823_0
6823_0	5659_0
6824_0	6824_0
6826_0	6826_0
6829_0	6829_0
6833_0	6833_0
6833_0	6828_0
6834_0	6834_0
6836_0	6836_0
6837_0	6837_0
6840_0	6840_0
6841_0	6841_0
6843_0	6843_0
6844_0	6844_0
6845_0	6845_0
6846_0	6846_0
6847_0	6847_0
6847_0	6603_0
6850_0	6850_0
6855_0	6855_0
6860_0	6860_0
6863_0	6863_0
6864_0	6864_0
6865_0	6865_0
6866_0	6866_0
6867_0	6867_0
6868_0	6868_0
6869_0	6869_0
6874_1	6874_1
6875_0	6875_0
6875_0	4712_0
6875_0	15783_0
6875_0	15960_0
6875_0	17674_0
6876_0	6876_0
6877_0	6877_0
6877_0	5952_0
6882_0	6882_0
6883_0	6883_0
6884_0	6884_0
6885_0	6885_0
6890_0	6890_0
6893_0	6893_0
6894_0	6894_0
6895_0	6895_0
6895_0	25831_1
6900_0	6900_0
6901_0	6901_0
6902_0	6902_0
6903_0	6903_0
6903_0	6904_0
6903_0	15918_0
6903_0	15934_0
6905_0	6905_0
6905_0	6648_0
6906_0	6906_0
6909_0	6909_0
6909_0	5066_0
6910_0	6910_0
6911_0	6911_0
6911_0	16558_0
6911_0	16559_0
6912_0	6912_0
6912_0	25702_0
6912_0	25703_0
6912_0	26986_0
6913_0	6913_0
6915_0	6915_0
6916_0	6916_0
6917_0	6917_0
6918_0	6918_0
6918_0	6820_0
6920_0	6920_0
6922_0	6922_0
6923_0	6923_0
6925_0	6925_0
6926_0	6926_0
6928_0	6928_0
6929_0	6929_0
6930_0	6930_0
6932_0	6932_0
6933_0	6933_0
6933_0	6927_0
6933_0	11202_0
6934_0	6934_0
6935_0	6935_0
6935_0	6832_0
6936_0	6936_0
6936_1	6936_1
6938_0	6938_0
6939_0	6939_0
6939_0	50080_0
6943_0	6943_0
6945_0	6945_0
6946_0	6946_0
6948_0	6948_0
6948_0	6947_0
6949_0	6949_0
6950_0	6950_0
6955_0	6955_0
6956_0	6956_0
6957_0	6957_0
6962_0	6962_0
6962_0	6790_0
6964_0	6964_0
6967_0	6967_0
6967_0	6966_0
6969_0	6969_0
6970_0	6970_0
6970_0	11010_0
6971_0	6971_0
6972_0	6972_0
6972_0	11561_0
6972_0	11562_0
6973_0	6973_0
6974_0	6974_0
6976_0	6976_0
6980_0	6980_0
6981_0	6981_0
6984_0	6984_0
6985_0	6985_0
6986_0	6986_0
6987_0	6987_0
6987_0	6983_0
6988_0	6988_0
6989_0	6989_0
6990_0	6990_0
6997_0	6997_0
6997_0	5567_0
6999_0	6999_0
7000_0	7000_0
7002_1	7002_1
7004_0	7004_0
7007_0	7007_0
7008_0	7008_0
7014_0	7014_0
7019_0	7019_0
7020_0	7020_0
7021_0	7021_0
7022_0	7022_0
7023_0	7023_0
7024_0	7024_0
7024_0	5073_0
7025_1	7025_1
7032_0	7032_0
7032_0	5075_0
7034_0	7034_0
7035_0	7035_0
7035_0	15349_0
7054_0	7054_0
7057_0	7057_0
7058_0	7058_0
7058_0	11085_0
7059_0	7059_0
7061_0	7061_0
7061_0	7150_0
7061_0	25343_1
7063_0	7063_0
7066_0	7066_0
7069_0	7069_0
7069_0	7068_0
7070_0	7070_0
7071_0	7071_0
7073_0	7073_0
7074_0	7074_0
7075_0	7075_0
7079_0	7079_0
7080_1	7080_1
7080_1	5610_0
7081_0	7081_0
7082_0	7082_0
7083_0	7083_0
7085_0	7085_0
7086_0	7086_0
7087_0	7087_0
7093_0	7093_0
7094_0	7094_0
7099_0	7099_0
7101_0	7101_0
7102_0	7102_0
7103_0	7103_0
7103_0	4313_0
7104_0	7104_0
7104_0	34026_0
7105_0	7105_0
7106_0	7106_0
7107_0	7107_0
7107_0	5083_0
7108_0	7108_0
7108_0	7109_0
7108_0	15028_0
7110_0	7110_0
7110_0	17392_0
7110_0	17393_0
7112_0	7112_0
7113_0	7113_0
7116_0	7116_0
7117_0	7117_0
7118_0	7118_0
7119_0	7119_0
7120_0	7120_0
7121_0	7121_0
7122_0	7122_0
7124_0	7124_0
7125_0	7125_0
7125_0	16891_0
7125_0	16898_0
7125_1	7125_1
7127_0	7127_0
7128_0	7128_0
7129_0	7129_0
7131_0	7131_0
7131_0	17127_0
7131_0	17128_0
7131_0	19117_0
7131_0	19153_0
7131_0	19153
7132_0	7132_0
7132_0	17651_0
7134_0	7134_0
7134_0	7097_0
7137_0	7137_0
7140_0	7140_0
7140_0	7141_0
7140_0	11508_0
7151_0	7151_0
7158_0	7158_0
7162_0	7162_0
7165_0	7165_0
7167_0	7167_0
7170_0	7170_0
7172_0	7172_0
7174_0	7174_0
7175_0	7175_0
7178_0	7178_0
7179_0	7179_0
7180_0	7180_0
7181_0	7181_0
7182_0	7182_0
7184_0	7184_0
7185_0	7185_0
7187_0	7187_0
7188_0	7188_0
7188_0	7316_0
7188_0	7317_0
7188_0	7318_0
7188_0	17513_0
7188_0	15666_0
7188_0	15645_0
7189_0	7189_0
7190_0	7190_0
7191_0	7191_0
7192_0	7192_0
7193_0	7193_0
7194_1	7194_1
7201_0	7201_0
7203_0	7203_0
7204_0	7204_0
7205_0	7205_0
7206_0	7206_0
7207_0	7207_0
7208_0	7208_0
7209_0	7209_0
7211_0	7211_0
7218_0	7218_0
7219_0	7219_0
7220_0	7220_0
7223_0	7223_0
7224_0	7224_0
7225_0	7225_0
7226_0	7226_0
7228_0	7228_0
7229_0	7229_0
7241_0	7241_0
7241_0	6592_0
7242_0	7242_0
7244_0	7244_0
7247_0	7247_0
7247_0	17749_0
7247_0	17751_0
7247_0	27481_0
7249_0	7249_0
7250_0	7250_0
7250_0	15114_0
7250_0	15116_0
7250_0	18715_0
7250_0	18716_0
7256_0	7256_0
7257_0	7257_0
7259_0	7259_0
7260_0	7260_0
7261_0	7261_0
7262_0	7262_0
7266_0	7266_0
7268_0	7268_0
7269_0	7269_0
7270_0	7270_0
7271_0	7271_0
7272_0	7272_0
7274_0	7274_0
7281_0	7281_0
7285_0	7285_0
7286_0	7286_0
7287_0	7287_0
7288_0	7288_0
7291_0	7291_0
7292_0	7292_0
7293_0	7293_0
7297_0	7297_0
7298_0	7298_0
7300_0	7300_0
7302_0	7302_0
7303_0	7303_0
7310_0	7310_0
7310_0	6141_0
7310_0	25340_0
7321_0	7321_0
7322_0	7322_0
7322_0	6705_0
7323_0	7323_0
7324_0	7324_0
7349_0	7349_0
7350_0	7350_0
7351_0	7351_0
7351_0	11330_0
7358_0	7358_0
7360_0	7360_0
7360_0	7359_0
7362_0	7362_0
7365_0	7365_0
7366_0	7366_0
7371_0	7371_0
7381_0	7381_0
7381_0	15401_0
7381_0	15402_0
7382_0	7382_0
7382_0	15487_0
7386_0	7386_0
7390_0	7390_0
7390_0	5005_0
7390_0	5466_0
7390_0	15301_0
7390_0	17845_0
7390_0	17846_0
7391_0	7391_0
7391_0	15316_0
7391_0	17511_0
7391_0	30027_0
7391_0	30028_0
7391_0	30029_0
7395_0	7395_0
7396_0	7396_0
7396_0	7147_0
7396_0	16467_0
7401_0	7401_0
7411_0	7411_0
7411_0	7408_0
7411_0	7412_0
7411_0	7413_0
7411_0	11147_0
7411_0	15148_0
7414_0	7414_0
7419_0	7419_0
7421_0	7421_0
7421_0	7420_0
7427_1	7427_1
7429_0	7429_0
7429_0	15959_0
7429_0	IRSPTB
10002_0	10002_0
10004_0	10004_0
10005_0	10005_0
10006_0	10006_0
10008_0	10008_0
10009_0	10009_0
10012_0	10012_0
10012_0	9500_0
10013_0	10013_0
10015_0	10015_0
10024_0	10024_0
10024_0	7320_0
10025_0	10025_0
10025_0	10026_0
10027_0	10027_0
10028_0	10028_0
10029_0	10029_0
10031_0	10031_0
10032_0	10032_0
10033_0	10033_0
10034_0	10034_0
10035_0	10035_0
10036_0	10036_0
10036_0	15329_0
10037_0	10037_0
10038_0	10038_0
10039_0	10039_0
10040_0	10040_0
10041_0	10041_0
10042_0	10042_0
10043_0	10043_0
10044_0	10044_0
10045_0	10045_0
10046_0	10046_0
10047_0	10047_0
10048_0	10048_0
10049_0	10049_0
10050_0	10050_0
10052_0	10052_0
10054_0	10054_0
10055_0	10055_0
10056_0	10056_0
10057_0	10057_0
10057_0	27088_0
10057_0	27089_0
10058_0	10058_0
10059_0	10059_0
10060_0	10060_0
10062_0	10062_0
10062_0	25808_0
10062_0	50466_0
10062_0	50948_0
10063_0	10063_0
10064_0	10064_0
10065_0	10065_0
10066_0	10066_0
10067_0	10067_0
10068_0	10068_0
10069_0	10069_0
10070_0	10070_0
10070_0	16194_1
10071_0	10071_0
10073_0	10073_0
10074_0	10074_0
10075_0	10075_0
10076_0	10076_0
10077_0	10077_0
10079_0	10079_0
10080_0	10080_0
10081_0	10081_0
10082_0	10082_0
10083_0	10083_0
10084_0	10084_0
10086_0	10086_0
10087_0	10087_0
10088_0	10088_0
10089_0	10089_0
10090_0	10090_0
10091_0	10091_0
10092_0	10092_0
10093_0	10093_0
10094_0	10094_0
10095_0	10095_0
10098_0	10098_0
10099_0	10099_0
10100_0	10100_0
10101_0	10101_0
10102_0	10102_0
10104_0	10104_0
10105_0	10105_0
10106_0	10106_0
15961_0	15961_0
15963_0	15963_0
15963_0	15962_0
15963_0	19720_0
15963_0	19721_0
15963_0	19722_0
15964_0	15964_0
15964_0	7430_0
15965_0	15965_0
15965_0	4995_0
15968_0	15968_0
15970_0	15970_0
15971_0	15971_0
15971_0	7084_0
15977_0	15977_0
15981_0	15981_0
15988_0	15988_0
15989_0	15989_0
15990_0	15990_0
15991_0	15991_0
15996_0	15996_0
15997_0	15997_0
15998_0	15998_0
15999_0	15999_0
16001_0	16001_0
16003_0	16003_0
16005_0	16005_0
16006_0	16006_0
16006_0	5357_0
16007_0	16007_0
16008_0	16008_0
16009_0	16009_0
16009_0	26979_0
16009_0	26980_0
16009_0	26981_0
16009_0	26984_0
16012_0	16012_0
16014_1	16014_1
16015_0	16015_0
16015_0	4789_0
16015_0	15944_0
16015_0	16318_0
16015_0	19610_1
16015_0	25484_0
16015_1	16015_1
16016_0	16016_0
16019_0	16019_0
16021_0	16021_0
16021_0	11073_0
16024_0	16024_0
16025_0	16025_0
16029_0	16029_0
16030_0	16030_0
16034_0	16034_0
16034_0	16033_0
16037_0	16037_0
16039_0	16039_0
16043_0	16043_0
16045_0	16045_0
16045_0	16031_0
16045_0	16032_0
16052_0	16052_0
16053_0	16053_0
16057_0	16057_0
16058_0	16058_0
16058_0	16108_0
16060_0	16060_0
16060_0	5690_0
16060_0	30867_0
16061_0	16061_0
16063_0	16063_0
16063_1	16063_1
16063_1	4884_0
16064_0	16064_0
16066_0	16066_0
16066_0	16065_0
16067_0	16067_0
16067_0	16065_1
16069_0	16069_0
16072_0	16072_0
16083_0	16083_0
16084_0	16084_0
16085_0	16085_0
16087_0	16087_0
16087_0	19657_0
16087_0	25957_0
16087_0	25974_0
16087_0	26734_0
16087_0	34612_0
16087_0	34655_0
16089_0	16089_0
16091_0	16091_0
16093_0	16093_0
16097_0	16097_0
16098_0	16098_0
16099_0	16099_0
16100_0	16100_0
16101_0	16101_0
16102_0	16102_0
17784_0	17784_0
17784_1	17784_1
17792_0	17792_0
17799_0	17799_0
17805_0	17805_0
17805_0	16899_0
17805_0	16908_0
17806_0	17806_0
17808_0	17808_0
17808_0	11453_0
17808_0	17812_0
17808_0	17813_0
17809_0	17809_0
17811_0	17811_0
17811_0	7055_0
17818_0	17818_0
17824_0	17824_0
17825_0	17825_0
17826_0	17826_0
17828_0	17828_0
17829_0	17829_0
17831_0	17831_0
17831_0	17830_0
17832_0	17832_0
17833_0	17833_0
17834_0	17834_0
17834_0	4379_0
17834_0	4620_0
17834_0	4736_0
17834_0	5713_0
17834_0	50527_0
17834_0	50528_0
17834_0	5378_0
17834_0	6378_0
17834_0	6377_0
17834_0	6381_0
17834_0	6403_0
17834_0	15824_0
17834_0	16185_0
17835_0	17835_0
17840_0	17840_0
17840_0	15535_0
17840_0	15537_0
17840_0	16116_0
17840_0	16117_0
17840_0	17839_0
17840_0	17841_0
17840_0	17843_0
17853_0	17853_0
17855_0	17855_0
17858_0	17858_0
17862_0	17862_0
17864_0	17864_0
17864_0	16103_0
17865_0	17865_0
17866_0	17866_0
17866_0	5103_0
17867_0	17867_0
17879_1	17879_1
17883_0	17883_0
17886_0	17886_0
17889_0	17889_0
17899_0	17899_0
17900_0	17900_0
17902_0	17902_0
17902_0	17890_0
17905_0	17905_0
17905_0	19995_0
17906_0	17906_0
17911_0	17911_0
17913_0	17913_0
17913_0	17912_0
17914_0	17914_0
17915_0	17915_0
17915_0	34420_0
17915_0	34785_0
17915_0	51228_0
17916_0	17916_0
17917_0	17917_0
17918_0	17918_0
17926_0	17926_0
17927_0	17927_0
17928_0	17928_0
17934_0	17934_0
17934_0	17428_0
17935_0	17935_0
17936_0	17936_0
17939_0	17939_0
17939_0	17204_0
17942_0	17942_0
17942_0	15209_0
17942_0	17373_0
17630_0	17630_0
17631_0	17631_0
17633_0	17633_0
17634_0	17634_0
17634_0	17419_0
17635_0	17635_0
17635_0	17508_0
17635_0	19320_0
17635_0	34259_0
17635_0	34427_0
17637_0	17637_0
17637_0	17636_0
17638_0	17638_0
17638_0	17639_0
17638_0	19052_0
17638_0	19383_0
17640_0	17640_0
17645_0	17645_0
17646_0	17646_0
17650_0	17650_0
17653_0	17653_0
17653_1	17653_1
17663_0	17663_0
17667_0	17667_0
17668_0	17668_0
17670_0	17670_0
17672_0	17672_0
17679_0	17679_0
17681_0	17681_0
17683_0	17683_0
17685_0	17685_0
17686_0	17686_0
17687_0	17687_0
17688_0	17688_0
17689_0	17689_0
17690_0	17690_0
17691_0	17691_0
17694_0	17694_0
17695_0	17695_0
17701_0	17701_0
17701_0	18037_0
17701_0	25192_0
17701_0	17701
17703_0	17703_0
17704_0	17704_0
17705_0	17705_0
17705_0	17706_0
17705_0	17707_0
17711_0	17711_0
17713_0	17713_0
17715_0	17715_0
17719_0	17719_0
17723_0	17723_0
17729_0	17729_0
17732_0	17732_0
17734_0	17734_0
17735_0	17735_0
17736_0	17736_0
17737_0	17737_0
17739_0	17739_0
17741_0	17741_0
17741_0	17742_0
17741_0	19474_0
17743_0	17743_0
17744_0	17744_0
17745_0	17745_0
17747_0	17747_0
17750_0	17750_0
17752_0	17752_0
17753_0	17753_0
17754_0	17754_0
17766_0	17766_0
17768_0	17768_0
17772_0	17772_0
17772_0	17466_0
17776_0	17776_0
17776_0	17775_0
17777_0	17777_0
11103_0	11103_0
11104_0	11104_0
11105_0	11105_0
11106_0	11106_0
11107_0	11107_0
11108_0	11108_0
11109_0	11109_0
11110_0	11110_0
11111_0	11111_0
11112_0	11112_0
11113_0	11113_0
11115_0	11115_0
11115_0	11358_0
11115_0	11359_0
11115_0	11360_0
11115_0	11361_0
11115_0	11362_0
11116_0	11116_0
11117_0	11117_0
11118_0	11118_0
11119_0	11119_0
11120_0	11120_0
11121_0	11121_0
11122_0	11122_0
11123_0	11123_0
11124_0	11124_0
11125_0	11125_0
11126_0	11126_0
11127_0	11127_0
11128_0	11128_0
11129_0	11129_0
11130_0	11130_0
11131_0	11131_0
11132_0	11132_0
11133_0	11133_0
11133_0	10030_0
11134_0	11134_0
11135_0	11135_0
11136_0	11136_0
11137_0	11137_0
11138_0	11138_0
11139_0	11139_0
11140_0	11140_0
11141_0	11141_0
11143_0	11143_0
11144_0	11144_0
11145_0	11145_0
11146_0	11146_0
11146_0	6944_0
11148_0	11148_0
11149_0	11149_0
11149_0	11443_0
11149_0	15591_0
11149_0	15592_0
11150_0	11150_0
11152_0	11152_0
11154_0	11154_0
11155_0	11155_0
11156_0	11156_0
11157_0	11157_0
11158_0	11158_0
11159_0	11159_0
11160_0	11160_0
11161_0	11161_0
11162_0	11162_0
11163_0	11163_0
11164_0	11164_0
11165_0	11165_0
11165_0	10191_0
11166_0	11166_0
11166_0	10219_0
11166_0	10229_0
11166_0	11391_0
11173_0	11173_0
11175_0	11175_0
11177_0	11177_0
11178_0	11178_0
11179_0	11179_0
11180_0	11180_0
11181_0	11181_0
11182_0	11182_0
11183_0	11183_0
11184_0	11184_0
11185_0	11185_0
11186_0	11186_0
11187_0	11187_0
11188_0	11188_0
11189_0	11189_0
11190_0	11190_0
11191_0	11191_0
11192_0	11192_0
11193_0	11193_0
11194_0	11194_0
11195_0	11195_0
11196_0	11196_0
11197_0	11197_0
11199_0	11199_0
11200_0	11200_0
11201_0	11201_0
11204_0	11204_0
11205_0	11205_0
11206_0	11206_0
11207_0	11207_0
11207_0	34190_0
11208_0	11208_0
11209_0	11209_0
11210_0	11210_0
11211_0	11211_0
11212_0	11212_0
11213_0	11213_0
11214_0	11214_0
11215_0	11215_0
11216_0	11216_0
11217_0	11217_0
11218_0	11218_0
11219_0	11219_0
11220_0	11220_0
11221_0	11221_0
11222_0	11222_0
11223_0	11223_0
11224_0	11224_0
11225_0	11225_0
11226_0	11226_0
11227_0	11227_0
11228_0	11228_0
11229_0	11229_0
11230_0	11230_0
11231_0	11231_0
11232_0	11232_0
11233_0	11233_0
11234_0	11234_0
11235_0	11235_0
11236_0	11236_0
11237_0	11237_0
11238_0	11238_0
11240_0	11240_0
11244_0	11244_0
11245_0	11245_0
11246_0	11246_0
11247_0	11247_0
11248_0	11248_0
11250_0	11250_0
11251_0	11251_0
11253_0	11253_0
11254_0	11254_0
11255_0	11255_0
11256_0	11256_0
11257_0	11257_0
11257_0	7095_0
11259_0	11259_0
11260_0	11260_0
11261_0	11261_0
11262_0	11262_0
11263_0	11263_0
11263_0	25914_1
11264_0	11264_0
11265_0	11265_0
11266_0	11266_0
11268_0	11268_0
11269_0	11269_0
11270_0	11270_0
11271_0	11271_0
11272_0	11272_0
11273_0	11273_0
11274_0	11274_0
11275_0	11275_0
11276_0	11276_0
11277_0	11277_0
11278_0	11278_0
11279_0	11279_0
11280_0	11280_0
11281_0	11281_0
11282_0	11282_0
11283_0	11283_0
11284_0	11284_0
11285_0	11285_0
11286_0	11286_0
11287_0	11287_0
11288_0	11288_0
11289_0	11289_0
11290_0	11290_0
11291_0	11291_0
11292_0	11292_0
11293_0	11293_0
11294_0	11294_0
11295_0	11295_0
11296_0	11296_0
11296_0	11303_0
11297_0	11297_0
11298_0	11298_0
11299_0	11299_0
11300_0	11300_0
11301_0	11301_0
11302_0	11302_0
11304_0	11304_0
11305_0	11305_0
11306_0	11306_0
11307_0	11307_0
11308_0	11308_0
11309_0	11309_0
11310_0	11310_0
11312_0	11312_0
11313_0	11313_0
11314_0	11314_0
11315_0	11315_0
11316_0	11316_0
11317_0	11317_0
11318_0	11318_0
11319_0	11319_0
11320_0	11320_0
11321_0	11321_0
11322_0	11322_0
11323_0	11323_0
11324_0	11324_0
11325_0	11325_0
11326_0	11326_0
11327_0	11327_0
11328_0	11328_0
11329_0	11329_0
11329_0	27106_0
11331_0	11331_0
11332_0	11332_0
11334_0	11334_0
11335_0	11335_0
11336_0	11336_0
11337_0	11337_0
11338_0	11338_0
11339_0	11339_0
11340_0	11340_0
11341_0	11341_0
11342_0	11342_0
11344_0	11344_0
11345_0	11345_0
11346_0	11346_0
11346_0	17237_0
11347_0	11347_0
11348_0	11348_0
11349_0	11349_0
11350_0	11350_0
11351_0	11351_0
11352_0	11352_0
11353_0	11353_0
11355_0	11355_0
11356_0	11356_0
11357_0	11357_0
11363_0	11363_0
11364_0	11364_0
11365_0	11365_0
11365_1	11365_1
11366_1	11366_1
11367_0	11367_0
11367_0	11366_0
11368_0	11368_0
11369_0	11369_0
11374_0	11374_0
11374_0	11370_0
11374_0	11371_0
11374_0	11372_0
11374_0	11373_0
11374_0	11375_0
11374_0	11376_0
11374_0	19063_0
11374_0	19064_0
11377_0	11377_0
11378_0	11378_0
11379_0	11379_0
11380_0	11380_0
11381_0	11381_0
11382_0	11382_0
11383_0	11383_0
11384_0	11384_0
11385_0	11385_0
11389_0	11389_0
11389_0	15348_0
11390_0	11390_0
11392_0	11392_0
11395_0	11395_0
11395_0	10181_0
11396_0	11396_0
11397_0	11397_0
11398_0	11398_0
11399_0	11399_0
11401_0	11401_0
11402_0	11402_0
11403_0	11403_0
11404_0	11404_0
11405_0	11405_0
11405_0	11406_0
11405_0	11407_0
11405_0	11408_0
11405_0	16884_0
11405_0	19685_0
11405_0	34057_0
11409_0	11409_0
11409_0	11400_0
11409_0	11410_0
11409_0	11411_0
11409_0	11412_0
11409_0	11413_0
11409_0	16920_1
11414_0	11414_0
11415_0	11415_0
11416_0	11416_0
11417_0	11417_0
11422_0	11422_0
11423_0	11423_0
11424_0	11424_0
11425_0	11425_0
11426_0	11426_0
11427_0	11427_0
11431_0	11431_0
11431_0	11430_0
11431_0	HMG1B
11442_0	11442_0
11450_0	11450_0
11452_0	11452_0
11454_0	11454_0
11456_0	11456_0
11457_0	11457_0
11458_0	11458_0
11466_0	11466_0
11466_0	11441_0
11467_0	11467_0
11468_0	11468_0
11469_0	11469_0
11471_0	11471_0
11471_0	16925_0
11471_0	16931_0
11471_0	16933_0
11471_0	19240_0
11471_0	19241_0
11471_0	19323_0
11471_0	19324_0
11471_0	27738_0
11471_0	27739_0
11471_0	FKBP
11473_0	11473_0
11474_0	11474_0
11475_0	11475_0
11477_0	11477_0
11478_0	11478_0
11479_0	11479_0
11480_0	11480_0
11481_0	11481_0
11482_0	11482_0
11483_0	11483_0
11484_0	11484_0
11484_0	11476_0
11485_0	11485_0
11486_0	11486_0
11487_0	11487_0
11488_0	11488_0
11491_0	11491_0
11492_0	11492_0
11492_0	51003_0
11492_0	5740_0
11492_0	5741_0
11492_0	11556_0
11492_0	25019_0
11492_0	26583_0
11492_0	26584_0
11492_0	26585_0
11492_0	51004_0
11494_0	11494_0
11494_0	11493_0
11495_0	11495_0
11495_0	11490_0
11496_0	11496_0
11497_0	11497_0
11498_0	11498_0
11498_0	4860_0
11499_0	11499_0
11499_0	11472_0
11500_0	11500_0
11501_0	11501_0
11502_0	11502_0
11504_0	11504_0
11507_0	11507_0
11511_0	11511_0
11516_0	11516_0
11519_0	11519_0
11519_0	11520_0
11519_0	11521_0
11523_0	11523_0
11525_0	11525_0
11526_0	11526_0
11527_0	11527_0
11529_0	11529_0
11530_0	11530_0
11531_0	11531_0
11534_0	11534_0
11534_0	15584_0
11540_0	11540_0
11542_0	11542_0
11545_0	11545_0
11546_0	11546_0
11548_0	11548_0
11548_0	11544_1
11549_0	11549_0
11555_0	11555_0
11557_0	11557_0
11557_0	11558_0
11557_0	11559_0
11557_0	11560_0
11557_0	11587_0
11557_0	11588_0
11557_0	36014_0
11563_0	11563_0
11564_0	11564_0
11564_0	11565_0
11564_0	11566_0
11567_0	11567_0
11568_0	11568_0
11572_0	11572_0
11572_0	11142_0
11573_0	11573_0
11574_0	11574_0
11575_0	11575_0
11583_0	11583_0
11589_0	11589_0
11590_0	11590_0
11591_0	11591_0
11591_0	11513_0
11592_0	11592_0
11592_0	11514_0
11593_0	11593_0
11594_0	11594_0
11595_0	11595_0
11596_0	11596_0
11597_0	11597_0
11599_0	11599_0
11601_0	11601_0
11604_0	11604_0
12000_0	12000_0
12009_0	12009_0
12011_0	12011_0
12011_0	12010_0
12020_0	12020_0
12020_0	27500_0
12020_0	27501_0
12024_0	12024_0
12035_0	12035_0
12035_0	12036_0
12035_0	12038_0
12035_0	12039_0
12041_0	12041_0
15002_0	15002_0
15003_0	15003_0
15003_0	15466_0
15007_0	15007_0
15010_0	15010_0
15010_0	5899_0
15010_0	15008_0
15010_0	15009_0
15010_0	15011_0
15010_0	SPOOF
15012_0	15012_0
15014_0	15014_0
15016_0	15016_0
15020_0	15020_0
15023_0	15023_0
15023_0	15035_0
15032_0	15032_0
15034_0	15034_0
15036_0	15036_0
15046_0	15046_0
15048_0	15048_0
15049_0	15049_0
15049_0	25494_0
15055_0	15055_0
15060_0	15060_0
15061_0	15061_0
15063_0	15063_0
15072_0	15072_0
15072_0	6564_0
15073_0	15073_0
15074_0	15074_0
15079_0	15079_0
15083_2	15083_2
15083_2	6816_0
15085_0	15085_0
15086_0	15086_0
15087_0	15087_0
15088_0	15088_0
15089_0	15089_0
15090_0	15090_0
15092_0	15092_0
15094_0	15094_0
15097_0	15097_0
15098_0	15098_0
15100_0	15100_0
15101_0	15101_0
15101_0	15190_0
15105_0	15105_0
15106_0	15106_0
15109_0	15109_0
15111_0	15111_0
15112_0	15112_0
15123_0	15123_0
15126_0	15126_0
15127_0	15127_0
15128_0	15128_0
15129_0	15129_0
15129_0	11242_0
15131_0	15131_0
15131_0	6100_0
15133_0	15133_0
15134_0	15134_0
15135_0	15135_0
15135_0	4913_0
15135_0	15136_0
15135_0	27911_0
15135_0	27912_0
15135_0	50542_0
15137_0	15137_0
15137_0	16555_0
15137_0	17307_0
15137_0	30930_0
15138_0	15138_0
15138_0	5877_0
15139_0	15139_0
15141_0	15141_0
15142_0	15142_0
15142_0	6210_0
15142_0	6396_0
15142_0	6527_0
15150_0	15150_0
15152_0	15152_0
15153_0	15153_0
15153_0	6459_0
15154_0	15154_0
15160_0	15160_0
15161_0	15161_0
15166_0	15166_0
15167_0	15167_0
15168_0	15168_0
15168_0	15163_0
15172_0	15172_0
15173_0	15173_0
15176_0	15176_0
15176_0	5906_0
15176_0	15865_0
15178_0	15178_0
15179_0	15179_0
15179_0	4720_0
15180_0	15180_0
15189_0	15189_0
15192_0	15192_0
15193_0	15193_0
15194_0	15194_0
15197_0	15197_0
15197_0	15623_0
15197_0	16862_0
15197_0	17532_0
15199_0	15199_0
15200_0	15200_0
15203_0	15203_0
15204_0	15204_0
15206_0	15206_0
15206_0	16770_0
15206_0	18276_0
15208_0	15208_0
15211_0	15211_0
15212_0	15212_0
15212_0	18698_0
15213_0	15213_0
15214_0	15214_0
15214_0	18651_0
15214_0	26614_0
15217_0	15217_0
15222_0	15222_0
15231_0	15231_0
15231_0	16658_1
15231_0	34154_0
15233_0	15233_0
15233_0	4342_0
15233_0	15234_0
15233_0	15235_0
15240_0	15240_0
15242_0	15242_0
15242_0	18448_0
15243_0	15243_0
15246_0	15246_0
15247_0	15247_0
15249_0	15249_0
15249_0	16628_0
15249_0	18024_0
15250_0	15250_0
15250_0	15248_0
15250_0	15706_0
15252_0	15252_0
15253_0	15253_0
15253_0	6645_0
15256_0	15256_0
15256_0	5689_0
15258_0	15258_0
15259_0	15259_0
15261_0	15261_0
15263_0	15263_0
15265_0	15265_0
15266_0	15266_0
15268_0	15268_0
15269_0	15269_0
15270_0	15270_0
15271_0	15271_0
15271_0	6160_0
15276_0	15276_0
15276_0	19798_0
15276_0	19870_0
15276_0	27602_0
15278_0	15278_0
15278_0	15277_0
15279_0	15279_0
15280_0	15280_0
15280_0	6709_0
15281_0	15281_0
15288_0	15288_0
15290_0	15290_0
15295_0	15295_0
15298_0	15298_0
15298_0	25325_0
15303_0	15303_0
15303_0	15974_0
15304_0	15304_0
15306_0	15306_0
15306_0	50023_0
15312_0	15312_0
15314_0	15314_0
15315_0	15315_0
15317_0	15317_0
15320_0	15320_0
15322_0	15322_0
15324_0	15324_0
15325_0	15325_0
15326_0	15326_0
15327_0	15327_0
15333_0	15333_0
15333_0	11343_0
15334_0	15334_0
15334_0	6611_0
15335_0	15335_0
15337_0	15337_0
15338_0	15338_0
15339_0	15339_0
15340_0	15340_0
15340_0	15336_0
15341_0	15341_0
15344_0	15344_0
15345_0	15345_0
15345_0	BLOT5
15346_0	15346_0
15347_0	15347_0
15350_0	15350_0
15352_0	15352_0
15353_0	15353_0
15354_0	15354_0
15355_0	15355_0
15355_0	15332_0
15358_0	15358_0
15358_0	15330_0
15361_0	15361_0
15364_0	15364_0
15366_0	15366_0
15369_0	15369_0
15370_0	15370_0
15371_0	15371_0
15372_0	15372_0
15373_0	15373_0
15374_0	15374_0
15377_0	15377_0
15381_0	15381_0
15383_0	15383_0
15384_0	15384_0
15384_0	15021_0
15385_0	15385_0
15385_0	15388_0
15385_0	15427_0
15385_0	25120_0
15385_0	50424_0
15386_0	15386_0
15389_0	15389_0
15393_1	15393_1
15397_0	15397_0
15397_0	5228_0
15403_0	15403_0
15404_0	15404_0
15406_0	15406_0
15407_0	15407_0
15407_0	16643_0
15407_0	18737_1
15409_0	15409_0
15411_0	15411_0
15415_0	15415_0
15418_1	15418_1
15419_0	15419_0
15420_0	15420_0
15430_0	15430_0
15431_0	15431_0
15437_0	15437_0
15438_0	15438_0
15440_0	15440_0
15441_0	15441_0
15442_0	15442_0
15444_0	15444_0
15446_0	15446_0
15447_0	15447_0
15447_0	15986_0
15448_0	15448_0
15449_0	15449_0
15452_0	15452_0
15456_0	15456_0
15457_0	15457_0
15458_0	15458_0
15459_0	15459_0
15461_0	15461_0
15461_0	7406_0
15462_0	15462_0
15465_0	15465_0
15468_0	15468_0
15470_1	15470_1
15471_0	15471_0
15473_0	15473_0
15473_0	7202_0
15475_0	15475_0
15476_0	15476_0
15477_0	15477_0
15478_0	15478_0
15481_0	15481_0
15482_0	15482_0
15483_0	15483_0
15488_0	15488_0
15490_0	15490_0
15491_0	15491_0
15497_0	15497_0
15497_0	7407_0
15498_0	15498_0
15498_0	28028_0
15501_0	15501_0
15501_0	17375_0
15501_0	17376_0
15501_0	27558_0
15504_0	15504_0
15504_0	15503_0
15507_0	15507_0
15507_0	6334_0
15508_0	15508_0
15508_0	15931_0
15509_0	15509_0
15510_0	15510_0
15510_0	6854_0
15510_0	15351_0
15512_0	15512_0
15513_0	15513_0
15517_0	15517_0
15517_0	6049_0
15520_0	15520_0
15525_0	15525_0
15525_0	15524_0
15528_0	15528_0
15529_0	15529_0
15530_0	15530_0
15534_0	15534_0
15539_0	15539_0
15540_0	15540_0
15541_0	15541_0
15542_0	15542_0
15543_0	15543_0
15545_0	15545_0
15547_0	15547_0
15548_0	15548_0
15549_0	15549_0
15550_0	15550_0
15552_0	15552_0
15553_0	15553_0
15554_1	15554_1
15557_0	15557_0
15560_0	15560_0
15560_0	16634_0
15560_0	17414_0
15561_0	15561_0
15562_0	15562_0
15564_0	15564_0
15564_0	5326_0
15564_0	10021_0
15566_0	15566_0
15567_0	15567_0
15568_0	15568_0
15570_0	15570_0
15570_0	15569_0
15570_1	15570_1
15573_0	15573_0
15574_0	15574_0
15575_0	15575_0
15576_0	15576_0
15577_0	15577_0
15578_0	15578_0
15581_0	15581_0
15585_0	15585_0
15587_0	15587_0
15589_0	15589_0
15589_0	16499_0
15590_0	15590_0
15595_0	15595_0
15598_0	15598_0
15598_0	15597_0
15599_0	15599_0
15599_0	6625_0
15601_0	15601_0
15602_0	15602_0
15602_0	25893_0
15603_0	15603_0
15604_0	15604_0
15606_0	15606_0
15608_0	15608_0
15609_0	15609_0
15610_0	15610_0
15611_0	15611_0
15614_0	15614_0
15614_1	15614_1
15616_0	15616_0
15622_0	15622_0
15625_0	15625_0
15626_0	15626_0
15628_0	15628_0
15632_0	15632_0
15633_0	15633_0
15633_0	15635_0
15633_0	15636_0
15633_0	15637_0
15633_0	16142_0
15633_0	16143_0
15633_0	16145_0
15633_0	16519_0
15633_0	25694_0
15634_0	15634_0
15638_0	15638_0
15642_0	15642_0
15644_0	15644_0
15652_0	15652_0
15653_0	15653_0
15655_0	15655_0
15655_0	16408_0
15655_0	17716_0
15658_0	15658_0
15658_0	15659_0
15658_0	16196_0
15658_0	16197_0
15658_0	16199_0
15658_0	16200_0
15658_0	16201_0
15658_0	16202_0
15658_0	16203_0
15658_0	25284_0
15658_0	25287_0
15660_0	15660_0
15661_0	15661_0
15662_0	15662_0
15663_0	15663_0
15664_0	15664_0
15669_0	15669_0
15671_0	15671_0
15671_0	15670_0
15672_0	15672_0
15673_0	15673_0
15674_0	15674_0
15674_0	16778_0
15674_0	17072_0
15674_0	17079_0
15677_0	15677_0
15678_0	15678_0
15679_0	15679_0
15681_0	15681_0
15683_0	15683_0
15684_0	15684_0
15685_0	15685_0
15685_0	15682_0
15685_1	15685_1
15685_1	6376_0
15685_1	15692_0
15687_0	15687_0
15687_0	6982_0
15688_0	15688_0
15688_0	15039_0
15690_0	15690_0
15691_0	15691_0
15695_0	15695_0
15698_0	15698_0
15700_0	15700_0
15700_0	11333_0
15701_0	15701_0
15702_0	15702_0
15703_0	15703_0
15707_0	15707_0
15715_0	15715_0
15716_0	15716_0
15718_0	15718_0
15719_0	15719_0
15720_0	15720_0
15720_0	7339_0
15721_0	15721_0
15722_0	15722_0
15723_0	15723_0
15723_0	50334_0
15727_0	15727_0
15727_0	15726_0
15728_0	15728_0
15732_0	15732_0
15732_0	11388_0
15734_0	15734_0
15736_0	15736_0
15737_0	15737_0
15737_0	15735_0
15738_0	15738_0
15739_0	15739_0
15740_0	15740_0
15743_0	15743_0
15743_0	16777_0
15743_0	18446_0
15746_0	15746_0
15750_0	15750_0
15755_0	15755_0
15755_0	5992_0
15756_0	15756_0
15758_0	15758_0
15759_0	15759_0
15759_0	25564_0
15760_0	15760_0
15760_0	15899_0
15761_0	15761_0
15762_0	15762_0
15764_0	15764_0
15764_0	7009_0
15766_0	15766_0
15769_0	15769_0
15770_0	15770_0
15774_0	15774_0
15777_0	15777_0
15777_0	10332_0
15778_0	15778_0
15779_0	15779_0
15782_0	15782_0
15784_0	15784_0
15787_0	15787_0
15788_0	15788_0
15789_0	15789_0
15790_0	15790_0
15791_0	15791_0
15792_0	15792_0
15792_0	16932_0
15793_0	15793_0
15796_0	15796_0
15798_0	15798_0
15798_0	15797_0
15800_0	15800_0
15801_0	15801_0
15802_0	15802_0
15804_0	15804_0
15805_0	15805_0
15806_0	15806_0
15807_0	15807_0
15808_0	15808_0
15810_0	15810_0
15811_0	15811_0
15812_0	15812_0
15813_0	15813_0
15816_0	15816_0
15817_0	15817_0
15817_0	18657_0
15817_0	27120_0
15819_0	15819_0
15820_0	15820_0
15821_0	15821_0
15822_0	15822_0
15823_0	15823_0
15825_0	15825_0
15828_0	15828_0
15829_0	15829_0
15830_0	15830_0
15831_0	15831_0
15832_0	15832_0
15833_0	15833_0
15834_0	15834_0
15835_0	15835_0
15836_0	15836_0
15837_0	15837_0
15839_0	15839_0
15840_0	15840_0
15841_0	15841_0
15843_0	15843_0
15844_0	15844_0
15846_0	15846_0
15847_0	15847_0
15848_0	15848_0
15849_0	15849_0
15850_0	15850_0
15851_0	15851_0
15855_0	15855_0
15863_0	15863_0
15864_0	15864_0
15866_0	15866_0
15867_0	15867_0
15867_0	15868_0
15867_0	16948_0
15870_0	15870_0
15874_0	15874_0
15874_0	15873_0
15876_0	15876_0
15877_0	15877_0
15877_0	5958_0
15877_0	18518_0
15877_0	25919_0
15877_0	26881_0
15880_0	15880_0
15881_0	15881_0
15882_0	15882_0
15882_0	50299_0
15884_0	15884_0
15884_0	15883_0
15887_0	15887_0
15887_0	15885_0
15887_0	15888_0
15887_0	15889_0
15887_0	15890_0
15887_0	15891_0
15892_0	15892_0
15893_0	15893_0
15894_0	15894_0
15894_0	15895_0
15894_0	15896_0
15894_0	15897_0
15902_0	15902_0
15903_0	15903_0
15913_0	15913_0
15914_0	15914_0
15916_0	15916_0
15924_0	15924_0
15925_0	15925_0
15926_0	15926_0
15933_0	15933_0
15933_0	7067_0
15933_0	16257_0
15935_0	15935_0
15935_0	16266_0
15938_0	15938_0
15939_0	15939_0
15939_0	50398_0
15939_0	4675_0
15940_0	15940_0
15941_0	15941_0
15942_0	15942_0
15942_0	26316_0
15943_0	15943_0
15944_1	15944_1
15948_0	15948_0
15948_0	25248_0
15948_0	25249_0
15948_0	25351_0
15948_0	50985_0
15950_0	15950_0
15950_0	16240_0
15954_0	15954_0
15956_0	15956_0
15958_0	15958_0
17476_0	17476_0
17477_0	17477_0
17477_0	15558_0
17478_0	17478_0
17479_0	17479_0
17479_0	16119_0
17481_0	17481_0
17482_0	17482_0
17482_0	17483_0
17482_0	17948_0
17482_0	18523_0
17484_0	17484_0
17485_1	17485_1
17487_0	17487_0
17488_0	17488_0
17490_0	17490_0
17491_0	17491_0
17493_0	17493_0
17494_0	17494_0
17496_0	17496_0
17496_0	6514_0
17497_0	17497_0
17499_0	17499_0
17499_0	17570_0
17501_0	17501_0
17502_0	17502_0
17502_0	34517_0
17505_0	17505_0
17506_0	17506_0
17506_0	17675_0
17506_0	17761_0
17506_0	18918_0
17509_0	17509_0
17512_0	17512_0
17514_0	17514_0
17515_0	17515_0
17519_0	17519_0
17519_0	17518_0
17521_0	17521_0
17524_0	17524_0
17525_0	17525_0
17526_0	17526_0
17526_0	4737_0
17529_0	17529_0
17529_0	25000_0
17529_0	30857_0
17529_0	16574_0
17529_0	16575_0
17529_0	18971_0
17529_0	25349_0
17530_0	17530_0
17534_0	17534_0
17538_0	17538_0
17540_0	17540_0
17542_0	17542_0
17543_0	17543_0
17544_0	17544_0
17550_0	17550_0
17551_0	17551_0
17552_0	17552_0
17553_0	17553_0
17554_0	17554_0
17555_0	17555_0
17569_0	17569_0
17569_0	15001_0
17571_0	17571_0
17571_0	17561_0
17574_0	17574_0
17574_0	18534_0
17574_0	18535_0
17575_0	17575_0
17576_0	17576_0
17576_0	6253_0
17576_0	17582_0
17576_0	27170_0
17579_0	17579_0
17579_0	17578_0
17585_0	17585_0
17586_0	17586_0
17588_0	17588_0
17589_0	17589_0
17590_0	17590_0
17590_0	17591_0
17590_0	17592_0
17593_0	17593_0
17593_0	15995_0
17594_0	17594_0
17595_0	17595_0
17596_0	17596_0
17597_0	17597_0
17598_0	17598_0
17599_0	17599_0
17599_0	6126_0
17600_0	17600_0
17603_0	17603_0
17603_0	915_0
17606_0	17606_0
17607_0	17607_0
17609_0	17609_0
17611_0	17611_0
17613_0	17613_0
17613_0	18337_0
17613_0	18372_0
17615_0	17615_0
17616_0	17616_0
17620_0	17620_0
17623_0	17623_0
17623_0	17622_0
17623_0	34466_0
17625_0	17625_0
17628_0	17628_0
17629_0	17629_0
19660_0	19660_0
19666_0	19666_0
19667_0	19667_0
19669_0	19669_0
19669_0	16231_0
19671_0	19671_0
19671_0	19641_0
19672_0	19672_0
19672_0	15551_0
19673_0	19673_0
19673_0	19741_0
19673_0	36172_0
19680_0	19680_0
19680_0	19609_0
19680_0	19686_0
19681_0	19681_0
19682_0	19682_0
19683_0	19683_0
19683_0	12022_0
19684_0	19684_0
19688_1	19688_1
19689_0	19689_0
19693_0	19693_0
19693_0	18705_0
19694_0	19694_0
19700_0	19700_0
19703_0	19703_0
19707_0	19707_0
19709_0	19709_0
19710_0	19710_0
19711_0	19711_0
19713_0	19713_0
19713_0	17720_0
19715_0	19715_0
19718_0	19718_0
19718_0	19717_0
19719_0	19719_0
19724_1	19724_1
19725_0	19725_0
19725_0	19723_0
19726_0	19726_0
19732_0	19732_0
19735_0	19735_0
19736_0	19736_0
19749_0	19749_0
19751_0	19751_0
19755_0	19755_0
19757_0	19757_0
19757_0	34223_0
19757_0	34224_0
19758_0	19758_0
19764_0	19764_0
19766_0	19766_0
19766_0	25442_0
19766_0	25443_0
19766_2	19766_2
19768_0	19768_0
19769_0	19769_0
19769_0	18126_0
19771_0	19771_0
19771_0	18840_0
19773_0	19773_0
19773_0	19774_0
19777_0	19777_0
19777_0	19776_0
19778_0	19778_0
19779_0	19779_0
19779_0	27276_0
19782_0	19782_0
19783_0	19783_0
19787_0	19787_0
19788_0	19788_0
19792_0	19792_0
19792_0	19382_0
19796_0	19796_0
19797_0	19797_0
19799_0	19799_0
19800_0	19800_0
19801_0	19801_0
19801_0	17286_0
19806_0	19806_0
19807_0	19807_0
19809_0	19809_0
19811_0	19811_0
19814_0	19814_0
19819_0	19819_0
19819_0	19818_0
19821_0	19821_0
19824_0	19824_0
19824_0	26331_0
27126_0	27126_0
27126_0	27119_0
27127_0	27127_0
27130_0	27130_0
27133_0	27133_0
27133_1	27133_1
27133_1	27080_0
27134_0	27134_0
27137_0	27137_0
27137_0	27138_0
27137_0	27139_0
27141_0	27141_0
27145_0	27145_0
27146_0	27146_0
27147_0	27147_0
27148_0	27148_0
27148_0	27143_0
27151_0	27151_0
27158_0	27158_0
27159_0	27159_0
27159_0	19432_0
27166_0	27166_0
27167_0	27167_0
27168_0	27168_0
27169_0	27169_0
27176_0	27176_0
27177_0	27177_0
27180_0	27180_0
27183_0	27183_0
27183_0	50695_0
27186_0	27186_0
27189_0	27189_0
27189_0	CHEA
27191_0	27191_0
27191_0	27185_0
27192_0	27192_0
27195_0	27195_0
27196_0	27196_0
27197_0	27197_0
27198_0	27198_0
27203_0	27203_0
27204_0	27204_0
27204_0	16515_0
27204_0	16520_0
27205_0	27205_0
27205_0	16507_0
27206_0	27206_0
27207_0	27207_0
27208_0	27208_0
27208_0	50515_0
27208_0	50522_0
27210_0	27210_0
27213_0	27213_0
27216_0	27216_0
27216_0	27215_0
27220_0	27220_0
27220_0	27219_0
27220_0	50305_0
27221_0	27221_0
27228_0	27228_0
27230_0	27230_0
27233_0	27233_0
27234_0	27234_0
27235_0	27235_0
27236_0	27236_0
27238_0	27238_0
27238_0	27237_0
27240_0	27240_0
27244_0	27244_0
27251_0	27251_0
27251_0	27250_0
27260_1	27260_1
27260_1	27094_1
27260_1	27095_1
27260_1	27190_1
27260_1	27740_1
27260_1	27745_1
27263_0	27263_0
27266_0	27266_0
27267_0	27267_0
27268_0	27268_0
27268_1	27268_1
27271_1	27271_1
27275_0	27275_0
27277_0	27277_0
27284_0	27284_0
26985_0	26985_0
26990_0	26990_0
26994_0	26994_0
26995_0	26995_0
27003_0	27003_0
27003_0	26997_0
27012_0	27012_0
27012_0	15627_0
27012_0	27013_0
27015_0	27015_0
27015_0	27014_0
27016_0	27016_0
27017_1	27017_1
27019_0	27019_0
27019_0	27601_0
27023_0	27023_0
27024_0	27024_0
27025_0	27025_0
27029_0	27029_0
27033_0	27033_0
27035_0	27035_0
27036_0	27036_0
27041_0	27041_0
27042_0	27042_0
27044_0	27044_0
27046_0	27046_0
27048_0	27048_0
27048_0	25904_0
27050_0	27050_0
27050_0	27049_0
27051_0	27051_0
27055_0	27055_0
27056_0	27056_0
27057_0	27057_0
27058_0	27058_0
27062_0	27062_0
27064_0	27064_0
27064_0	7433_0
27065_0	27065_0
27069_0	27069_0
27071_0	27071_0
27071_0	16189_0
27078_0	27078_0
27078_1	27078_1
27078_2	27078_2
27081_0	27081_0
27083_0	27083_0
27085_0	27085_0
27087_0	27087_0
27090_0	27090_0
27093_0	27093_0
27096_0	27096_0
27097_0	27097_0
27098_0	27098_0
27104_0	27104_0
27108_0	27108_0
27109_0	27109_0
27110_0	27110_0
27113_0	27113_0
27113_0	27112_0
27122_0	27122_0
27122_0	27121_0
27123_0	27123_0
27123_0	27124_0
27123_0	27299_0
26825_0	26825_0
26825_0	26824_0
26834_0	26834_0
26839_0	26839_0
26840_0	26840_0
26841_0	26841_0
26843_0	26843_0
26844_0	26844_0
26849_0	26849_0
26850_0	26850_0
26851_0	26851_0
26851_0	26848_0
26852_0	26852_0
26853_0	26853_0
26853_0	30130_0
26853_0	30131_0
26854_0	26854_0
26861_0	26861_0
26861_0	26860_0
26864_0	26864_0
26864_0	10103_0
26864_0	26863_0
26866_0	26866_0
26870_0	26870_0
26876_0	26876_0
26876_0	19731_0
26876_0	26875_0
26876_0	26877_0
26876_0	26878_0
26876_0	VCPTH
26879_0	26879_0
26879_0	16606_0
26879_0	16607_0
26880_0	26880_0
26880_0	17332_0
26883_0	26883_0
26884_0	26884_0
26886_0	26886_0
26886_0	26885_0
26888_0	26888_0
26888_0	26887_0
26892_0	26892_0
26894_0	26894_0
26894_0	19767_0
26894_0	26893_0
26901_0	26901_0
26902_0	26902_0
26903_0	26903_0
26907_0	26907_0
26909_0	26909_0
26912_0	26912_0
26915_0	26915_0
26919_0	26919_0
26921_0	26921_0
26922_0	26922_0
26924_0	26924_0
26924_0	26925_0
26924_0	26926_0
26924_0	28115_0
26924_0	28116_0
26924_0	50312_0
26924_0	50313_0
26929_0	26929_0
26931_0	26931_0
26932_0	26932_0
26935_0	26935_0
26937_0	26937_0
26937_0	26936_0
26940_0	26940_0
26942_0	26942_0
26942_0	27557_0
26942_0	51341_0
26944_0	26944_0
26944_0	26943_0
26947_0	26947_0
26948_0	26948_0
26949_0	26949_0
26953_0	26953_0
26961_0	26961_0
26962_0	26962_0
26963_0	26963_0
26965_0	26965_0
26965_0	26964_0
26982_0	26982_0
16104_0	16104_0
16104_0	16105_0
16104_0	18795_0
16104_0	25964_0
16104_0	26706_0
16104_0	30099_0
16104_0	51259_0
16107_0	16107_0
16109_0	16109_0
16110_0	16110_0
16111_0	16111_0
16113_0	16113_0
16113_0	7227_0
16114_0	16114_0
16115_0	16115_0
16118_0	16118_0
16121_0	16121_0
16121_0	15210_0
16124_0	16124_0
16129_0	16129_0
16131_0	16131_0
16131_0	15506_0
16131_0	16130_0
16134_0	16134_0
16134_0	16133_0
16135_0	16135_0
16136_0	16136_0
16136_0	16150_0
16136_0	16151_0
16136_0	16152_0
16137_0	16137_0
16139_0	16139_0
16141_0	16141_0
16146_0	16146_0
16149_0	16149_0
16149_0	16148_0
16153_0	16153_0
16154_0	16154_0
16154_0	16051_0
16155_0	16155_0
16156_0	16156_0
16157_0	16157_0
16158_0	16158_0
16158_0	16162_0
16159_0	16159_0
16160_0	16160_0
16161_0	16161_0
16163_0	16163_0
16164_0	16164_0
16165_0	16165_0
16167_0	16167_0
16168_0	16168_0
16173_0	16173_0
16174_0	16174_0
16174_1	16174_1
16175_0	16175_0
16176_0	16176_0
16179_0	16179_0
16179_0	16180_0
16179_0	16181_0
16179_0	16671_0
16179_0	19109_0
16186_0	16186_0
16188_0	16188_0
16192_1	16192_1
16195_0	16195_0
16198_0	16198_0
16205_0	16205_0
16205_0	16204_0
16205_0	19242_0
16206_0	16206_0
16208_0	16208_0
16208_0	16207_0
16210_0	16210_0
16210_0	16209_0
16211_0	16211_0
16213_0	16213_0
16214_0	16214_0
16216_0	16216_0
16218_0	16218_0
16218_0	16217_0
16218_0	16500_0
16219_0	16219_0
16221_0	16221_0
16229_1	16229_1
16233_0	16233_0
16236_0	16236_0
16237_0	16237_0
16237_0	17863_0
16238_0	16238_0
16244_0	16244_0
16244_0	16243_0
16245_0	16245_0
16245_0	5842_0
16245_0	7432_0
16245_0	15967_0
16245_0	16603_0
16245_0	17282_0
16245_0	17836_0
16245_0	17837_0
16245_0	17844_0
16245_0	18359_0
16245_0	18360_0
16245_0	18361_0
16245_0	18362_0
16245_0	7432
16246_0	16246_0
16246_0	16230_0
16247_0	16247_0
16249_0	16249_0
16250_0	16250_0
16251_0	16251_0
16253_0	16253_0
16255_0	16255_0
16258_0	16258_0
16259_0	16259_0
16260_0	16260_0
16260_0	15038_0
16261_0	16261_0
16262_0	16262_0
16263_0	16263_0
16265_0	16265_0
16265_0	15264_0
16266_1	16266_1
16267_0	16267_0
16269_0	16269_0
16271_0	16271_0
16273_0	16273_0
16277_0	16277_0
16278_0	16278_0
16278_0	16276_0
16283_0	16283_0
16283_0	16272_0
16293_0	16293_0
16297_0	16297_0
16298_0	16298_0
16305_0	16305_0
16306_0	16306_0
16306_0	16307_0
16306_0	17947_0
16306_0	18422_1
16306_0	18423_1
16306_0	18424_1
16311_0	16311_0
16311_0	4276_0
16311_0	30605_0
16311_0	30606_0
16311_1	16311_1
16312_0	16312_0
16313_0	16313_0
16315_0	16315_0
16316_0	16316_0
16317_0	16317_0
16318_1	16318_1
16319_0	16319_0
16320_0	16320_0
16321_0	16321_0
16322_0	16322_0
16325_0	16325_0
16327_0	16327_0
16327_0	17710_0
16327_0	18543_0
16327_0	19838_0
16327_0	19839_0
16327_0	19413_0
16330_0	16330_0
16330_0	16329_0
16335_0	16335_0
16336_0	16336_0
16338_0	16338_0
16339_0	16339_0
16344_0	16344_0
16345_0	16345_0
16347_0	16347_0
16348_0	16348_0
16349_0	16349_0
16352_0	16352_0
16353_0	16353_0
16354_0	16354_0
16355_0	16355_0
16357_0	16357_0
16359_0	16359_0
16364_0	16364_0
16365_0	16365_0
16366_0	16366_0
16370_0	16370_0
16371_0	16371_0
16372_0	16372_0
16373_0	16373_0
16375_0	16375_0
16375_0	16374_0
16377_0	16377_0
16378_0	16378_0
16379_0	16379_0
16380_0	16380_0
16382_0	16382_0
16384_0	16384_0
16385_0	16385_0
16386_0	16386_0
16387_0	16387_0
16387_0	25165_0
16388_0	16388_0
16389_0	16389_0
16391_0	16391_0
16396_0	16396_0
16396_0	16796_0
16396_0	17702_0
16398_0	16398_0
16401_0	16401_0
16402_0	16402_0
16403_0	16403_0
16404_0	16404_0
16405_0	16405_0
16406_0	16406_0
16406_0	16491_0
16406_0	17151_0
16409_0	16409_0
16409_0	17851_0
16409_0	17852_0
16409_0	27697_0
16411_0	16411_0
16411_0	16412_0
16411_0	17044_0
16411_0	30327_0
16411_0	34041_0
16411_0	34058_0
16413_0	16413_0
16424_0	16424_0
16424_0	16926_0
16425_0	16425_0
16428_0	16428_0
16439_0	16439_0
16441_0	16441_0
16441_0	16440_0
16442_0	16442_0
16442_0	6340_0
16444_0	16444_0
16446_0	16446_0
16449_0	16449_0
16450_0	16450_0
16463_0	16463_0
16466_0	16466_0
16468_0	16468_0
16470_1	16470_1
16470_1	5566_0
16470_1	17080_0
16471_0	16471_0
16473_0	16473_0
16476_0	16476_0
16478_0	16478_0
16480_0	16480_0
16482_0	16482_0
16483_0	16483_0
16484_0	16484_0
16485_0	16485_0
16485_0	15289_0
16485_0	15300_0
16486_0	16486_0
16487_0	16487_0
16490_0	16490_0
16497_0	16497_0
16498_0	16498_0
16505_0	16505_0
16509_0	16509_0
16512_0	16512_0
16514_0	16514_0
16514_0	4272_0
16514_0	16508_0
16514_0	50198_0
16514_0	50199_0
16517_0	16517_0
16518_0	16518_0
16521_0	16521_0
16523_0	16523_0
16524_0	16524_0
16524_0	16525_0
16524_0	16526_0
16524_0	16527_0
16524_0	16528_0
16534_0	16534_0
16536_0	16536_0
16536_0	6914_0
16537_0	16537_0
16537_0	17260_0
16538_0	16538_0
16542_0	16542_0
16544_0	16544_0
16545_0	16545_0
16549_0	16549_0
16549_0	30725_0
16556_0	16556_0
16557_0	16557_0
16560_0	16560_0
16561_0	16561_0
16562_0	16562_0
16563_0	16563_0
16564_0	16564_0
16565_0	16565_0
16567_0	16567_0
16568_0	16568_0
16569_0	16569_0
16570_0	16570_0
16571_0	16571_0
16572_0	16572_0
16576_0	16576_0
16577_2	16577_2
16577_2	16252_0
16577_2	25133_0
16586_0	16586_0
16586_0	7434_0
16587_0	16587_0
16587_0	17165_0
16587_0	17166_0
16587_0	19099_0
16587_0	19113_0
16587_0	19116_0
16587_0	19118_0
16587_0	19119_0
16587_0	19120_0
16587_0	19121_0
16587_0	19122_0
16587_0	19123_0
16587_0	25809_0
16587_0	27248_1
16587_0	27437_1
16587_0	50302_0
16588_0	16588_0
16591_0	16591_0
16592_0	16592_0
16594_0	16594_0
16596_0	16596_0
16596_0	16744_0
16599_0	16599_0
16600_0	16600_0
16608_0	16608_0
16610_0	16610_0
16613_0	16613_0
16614_0	16614_0
16615_0	16615_0
16615_0	25329_0
16615_0	25330_1
16617_0	16617_0
16618_0	16618_0
16619_0	16619_0
16620_0	16620_0
16620_0	27875_1
16620_0	51655_0
16622_0	16622_0
16622_0	11026_0
16622_0	11043_0
16623_0	16623_0
16629_0	16629_0
16630_0	16630_0
16630_0	15927_0
16630_0	16362_0
16632_0	16632_0
16635_0	16635_0
16636_0	16636_0
16639_0	16639_0
16639_0	4981_0
16639_1	16639_1
16640_0	16640_0
16646_0	16646_0
16646_0	4867_1
16647_0	16647_0
16648_0	16648_0
16649_0	16649_0
16652_0	16652_0
16653_0	16653_0
16657_0	16657_0
16658_0	16658_0
16658_0	18804_0
16658_0	34040_0
16661_0	16661_0
16665_0	16665_0
16665_0	16662_0
16666_0	16666_0
16667_0	16667_0
16668_0	16668_0
16670_0	16670_0
16673_0	16673_0
16673_0	25003_0
16673_0	19976_0
16673_0	25821_0
16675_0	16675_0
16676_0	16676_0
16679_0	16679_0
16680_0	16680_0
16681_0	16681_0
16683_0	16683_0
16683_0	5764_0
16683_0	16697_0
16683_0	17693_0
16684_0	16684_0
16685_0	16685_0
16686_0	16686_0
16689_0	16689_0
16690_0	16690_0
16691_0	16691_0
16692_0	16692_0
16693_0	16693_0
16696_0	16696_0
16696_0	16683_1
16698_0	16698_0
16698_0	7435_1
16705_0	16705_0
16705_0	16703_0
16705_0	19085_0
16706_0	16706_0
16710_0	16710_0
16711_0	16711_0
16713_0	16713_0
16713_0	16712_0
16721_0	16721_0
16731_0	16731_0
16732_0	16732_0
16733_0	16733_0
16734_0	16734_0
16735_0	16735_0
16736_0	16736_0
16736_0	16361_0
16736_0	16736_1
16737_0	16737_0
16739_0	16739_0
16741_0	16741_0
16741_0	16740_0
16742_0	16742_0
16742_0	4031_0
16742_0	4032_0
16742_0	4980_0
16742_0	16010_0
16742_0	16011_0
16742_0	16503_0
16742_0	17172_0
16742_0	17762_0
16742_0	19065_0
16742_0	RNASE
16742_0	RNASE_CPMG
16746_0	16746_0
16766_0	16766_0
16766_0	11252_0
16767_0	16767_0
16768_0	16768_0
16768_0	5801_0
16771_1	16771_1
16773_0	16773_0
16773_0	16772_0
16774_0	16774_0
16775_0	16775_0
16776_0	16776_0
16779_0	16779_0
16780_0	16780_0
16781_0	16781_0
16782_0	16782_0
16789_0	16789_0
16790_0	16790_0
16791_0	16791_0
16794_0	16794_0
16795_0	16795_0
16799_0	16799_0
16799_0	16798_0
16800_0	16800_0
16800_0	16166_0
16801_0	16801_0
16802_0	16802_0
16804_0	16804_0
16804_0	16787_0
16805_0	16805_0
16805_0	18032_0
16805_0	18263_0
16806_0	16806_0
16807_0	16807_0
16807_0	16578_0
16808_0	16808_0
16808_0	18869_0
16810_0	16810_0
16811_0	16811_0
16811_0	11570_0
16812_0	16812_0
16813_1	16813_1
16813_1	10302_0
16816_0	16816_0
16816_0	16792_0
16822_0	16822_0
16824_0	16824_0
16824_1	16824_1
16831_0	16831_0
16831_0	34358_0
16831_0	34359_0
16832_0	16832_0
16833_0	16833_0
16839_0	16839_0
16841_0	16841_0
16845_0	16845_0
16846_0	16846_0
16848_0	16848_0
16848_0	16818_0
16850_0	16850_0
16850_0	283_0
16850_0	284_0
16850_0	50484_0
16850_0	50485_0
16853_0	16853_0
16853_0	15479_0
16856_0	16856_0
16858_1	16858_1
16858_1	16859_1
16858_1	16861_1
16858_1	16865_1
16860_0	16860_0
16863_0	16863_0
16866_0	16866_0
16868_0	16868_0
16869_0	16869_0
16870_0	16870_0
16871_0	16871_0
16872_0	16872_0
16879_0	16879_0
16880_0	16880_0
16881_0	16881_0
16882_0	16882_0
16883_0	16883_0
16885_0	16885_0
16887_0	16887_0
16890_0	16890_0
16893_0	16893_0
16893_0	16894_0
16893_0	16900_0
16893_0	25536_0
16893_0	25538_0
16893_0	25546_0
16895_0	16895_0
16895_0	15689_0
16897_0	16897_0
16897_0	5684_0
16911_0	16911_0
16912_0	16912_0
16912_0	27964_0
16914_0	16914_0
16917_0	16917_0
16917_0	16918_0
16917_0	26896_0
16917_0	26897_0
16917_0	26898_0
16922_0	16922_0
16923_0	16923_0
16927_0	16927_0
16929_0	16929_0
16930_0	16930_0
16934_0	16934_0
16935_0	16935_0
16937_0	16937_0
16944_0	16944_0
16944_0	16688_0
16947_0	16947_0
16949_0	16949_0
16954_1	16954_1
16955_0	16955_0
16955_0	16945_0
16957_0	16957_0
16958_0	16958_0
16959_0	16959_0
16961_0	16961_0
16961_0	16656_0
16964_0	16964_0
16966_0	16966_0
16967_0	16967_0
16967_0	15972_0
16969_0	16969_0
16970_0	16970_0
16971_0	16971_0
16977_0	16977_0
16979_0	16979_0
16986_0	16986_0
16988_0	16988_0
16991_0	16991_0
16995_0	16995_0
16996_0	16996_0
16997_0	16997_0
16998_0	16998_0
16999_0	16999_0
17000_0	17000_0
17002_0	17002_0
17005_0	17005_0
17006_0	17006_0
17007_0	17007_0
17008_0	17008_0
17009_0	17009_0
17010_0	17010_0
17010_0	17013_0
17010_0	17041_0
17010_0	17046_0
17010_0	17047_0
17010_0	26821_0
17014_0	17014_0
17017_0	17017_0
17018_0	17018_0
17018_0	17019_0
17018_0	17018
17020_0	17020_0
17021_0	17021_0
17022_0	17022_0
17024_0	17024_0
17024_0	17023_0
17025_0	17025_0
17026_0	17026_0
17027_0	17027_0
17028_0	17028_0
17029_0	17029_0
17031_0	17031_0
17033_0	17033_0
17035_0	17035_0
17036_0	17036_0
17038_0	17038_0
17039_0	17039_0
17042_0	17042_0
17045_0	17045_0
17045_0	17725_0
17048_0	17048_0
17050_0	17050_0
17063_0	17063_0
17063_0	17062_0
17065_0	17065_0
17066_0	17066_0
17066_0	16928_0
17066_0	16946_0
17067_0	17067_0
17067_0	15763_0
17070_0	17070_0
17071_0	17071_0
17073_1	17073_1
17074_0	17074_0
17074_0	17076_0
17074_0	17077_0
17074_0	25243_0
17075_0	17075_0
17085_0	17085_0
17085_0	18458_0
17085_0	25492_0
17085_0	30098_0
17089_0	17089_0
17089_0	11027_0
17089_0	15013_0
17090_0	17090_0
17092_0	17092_0
17104_0	17104_0
17105_0	17105_0
17110_0	17110_0
17111_0	17111_0
17112_0	17112_0
17113_0	17113_0
17113_0	11151_0
17124_0	17124_0
17126_0	17126_0
17130_0	17130_0
17130_0	26807_0
17130_0	26808_0
17131_0	17131_0
17131_0	25643_0
17132_0	17132_0
17133_0	17133_0
17134_0	17134_0
17135_0	17135_0
17136_0	17136_0
17138_1	17138_1
17141_0	17141_0
17143_0	17143_0
17146_0	17146_0
17146_0	17144_0
17147_0	17147_0
17147_0	17145_0
17147_0	17452_0
17147_0	18015_0
17149_0	17149_0
17149_0	26954_0
17149_0	26955_0
17150_0	17150_0
17157_0	17157_0
17158_0	17158_0
17160_0	17160_0
17161_0	17161_0
17169_0	17169_0
17170_0	17170_0
17171_0	17171_0
17171_0	10011_0
17173_0	17173_0
17173_0	19954_0
17173_0	34260_0
17175_0	17175_0
17176_0	17176_0
17190_0	17190_0
17190_0	17189_0
17191_0	17191_0
17192_0	17192_0
17195_0	17195_0
17196_0	17196_0
17199_0	17199_0
17201_0	17201_0
17202_0	17202_0
17202_0	34362_0
17203_0	17203_0
17205_0	17205_0
17206_0	17206_0
17207_0	17207_0
17211_0	17211_0
17212_0	17212_0
17226_0	17226_0
17231_0	17231_0
17232_0	17232_0
17233_0	17233_0
17234_0	17234_0
17235_0	17235_0
17236_0	17236_0
17239_0	17239_0
17239_0	17238_0
17241_0	17241_0
17242_0	17242_0
17242_0	17268_0
17242_0	30290_0
17243_0	17243_0
17243_0	4994_0
17243_0	19816_0
17243_0	19817_0
17244_0	17244_0
17245_0	17245_0
17247_0	17247_0
17249_0	17249_0
17249_0	16956_0
17250_0	17250_0
17251_0	17251_0
17255_0	17255_0
17255_0	16285_0
17255_0	17254_0
17257_0	17257_0
17258_0	17258_0
17262_0	17262_0
17262_0	17261_0
17263_0	17263_0
17264_1	17264_1
17265_0	17265_0
17267_0	17267_0
17271_0	17271_0
17271_1	17271_1
17273_0	17273_0
17273_0	17272_0
17275_0	17275_0
17277_0	17277_0
17278_0	17278_0
17279_0	17279_0
17280_0	17280_0
17284_0	17284_0
17285_0	17285_0
17287_0	17287_0
17288_0	17288_0
17289_0	17289_0
17290_0	17290_0
17293_0	17293_0
17298_0	17298_0
17300_0	17300_0
17300_0	17299_0
17301_0	17301_0
17304_0	17304_0
17305_0	17305_0
17308_0	17308_0
17313_0	17313_0
17314_0	17314_0
17314_0	16472_0
17315_0	17315_0
17318_0	17318_0
17319_0	17319_0
17320_0	17320_0
17322_0	17322_0
17322_0	17321_0
17323_0	17323_0
17324_0	17324_0
17325_0	17325_0
17344_0	17344_0
17344_0	5555_0
17345_0	17345_0
17350_0	17350_0
17352_0	17352_0
17354_0	17354_0
17354_0	17353_0
17355_0	17355_0
17358_0	17358_0
17359_0	17359_0
17362_0	17362_0
17363_0	17363_0
17364_0	17364_0
17364_0	10318_0
17365_0	17365_0
17367_0	17367_0
17367_0	16719_0
17369_0	17369_0
17369_0	17368_0
17369_0	25081_0
17370_0	17370_0
17371_0	17371_0
17374_0	17374_0
17378_0	17378_0
17378_0	7364_0
17378_0	19739_0
17378_0	19953_0
17378_0	51283_0
17380_0	17380_0
17381_0	17381_0
17383_0	17383_0
17385_0	17385_0
17386_0	17386_0
17386_0	25433_0
17387_0	17387_0
17388_0	17388_0
17389_0	17389_0
17390_0	17390_0
17391_0	17391_0
17396_0	17396_0
17398_0	17398_0
17399_0	17399_0
17402_0	17402_0
17402_0	15733_0
17403_0	17403_0
17404_0	17404_0
17405_0	17405_0
17407_0	17407_0
17407_0	25142_0
17411_0	17411_0
17415_0	17415_0
17416_0	17416_0
17417_0	17417_0
17417_0	27605_0
17418_0	17418_0
17420_0	17420_0
17424_0	17424_0
17425_0	17425_0
17429_0	17429_0
17431_0	17431_0
17432_0	17432_0
17434_0	17434_0
17443_0	17443_0
17443_0	5038_0
17445_0	17445_0
17446_0	17446_0
17447_0	17447_0
17447_0	4340_0
17447_0	5995_0
17447_0	5996_0
17447_0	16840_0
17447_0	5995
17448_0	17448_0
17451_0	17451_0
17456_0	17456_0
17467_0	17467_0
17468_0	17468_0
17472_0	17472_0
17474_0	17474_0
26656_0	26656_0
26659_0	26659_0
26659_0	6226_0
26659_0	26660_0
26659_0	26661_0
26662_0	26662_0
26664_0	26664_0
26684_0	26684_0
26689_0	26689_0
26691_0	26691_0
26694_0	26694_0
26694_0	4027_0
26694_0	25860_0
26694_0	25861_0
26694_0	26695_0
26697_0	26697_0
26698_0	26698_0
26700_0	26700_0
26701_0	26701_0
26703_0	26703_0
26705_0	26705_0
26715_0	26715_0
26717_0	26717_0
26720_0	26720_0
26720_0	26719_0
26721_0	26721_0
26722_0	26722_0
26723_0	26723_0
26723_0	26724_0
26723_0	26723
26725_0	26725_0
26726_0	26726_0
26727_0	26727_0
26730_0	26730_0
26730_0	15693_0
26735_0	26735_0
26738_0	26738_0
26738_0	30017_0
26738_0	31007_0
26740_0	26740_0
26742_0	26742_0
26742_0	26741_0
26744_0	26744_0
26745_0	26745_0
26752_0	26752_0
26752_0	27184_0
26753_0	26753_0
26753_0	25132_0
26754_0	26754_0
26755_0	26755_0
26760_0	26760_0
26760_0	26571_0
26761_0	26761_0
26762_0	26762_0
26763_0	26763_0
26763_0	19952_0
26764_0	26764_0
26764_0	26594_0
26765_0	26765_0
26767_0	26767_0
26768_0	26768_0
26769_0	26769_0
26769_0	26776_0
26769_0	26777_0
26769_0	26778_0
26769_0	26789_0
26770_0	26770_0
26771_0	26771_0
26772_0	26772_0
26773_0	26773_0
26774_0	26774_0
26780_0	26780_0
26784_0	26784_0
26784_0	26783_0
26785_0	26785_0
26785_0	25149_0
26787_0	26787_0
26791_0	26791_0
26792_0	26792_0
26800_0	26800_0
26801_0	26801_0
26802_0	26802_0
26805_0	26805_0
26806_0	26806_0
26809_0	26809_0
26810_0	26810_0
26819_0	26819_0
26819_0	26818_0
17943_0	17943_0
17944_0	17944_0
17946_0	17946_0
17950_0	17950_0
17952_0	17952_0
17953_0	17953_0
17953_0	7231_0
17953_0	50917_0
17958_0	17958_0
17958_0	17955_0
17959_0	17959_0
17960_0	17960_0
17962_0	17962_0
17964_0	17964_0
17964_0	5967_0
17964_0	17994_0
17964_0	17996_0
17964_0	18138_0
17964_0	25255_0
17964_0	26987_0
17964_0	27377_0
17964_0	27378_0
17964_0	27727_0
17964_0	27731_0
17965_0	17965_0
17966_0	17966_0
17968_0	17968_0
17968_0	17967_0
17971_0	17971_0
17974_0	17974_0
17978_0	17978_0
17989_0	17989_0
17991_0	17991_0
17993_0	17993_0
17998_0	17998_0
17999_0	17999_0
18000_0	18000_0
18000_0	17485_0
18001_0	18001_0
18002_0	18002_0
18004_0	18004_0
18005_0	18005_0
18005_0	18007_0
18005_0	SMNTD
18008_0	18008_0
18008_0	18006_0
18010_0	18010_0
18011_0	18011_0
18016_0	18016_0
18017_0	18017_0
18019_0	18019_0
18020_0	18020_0
18020_0	18021_0
18020_0	18942_0
18020_0	26822_0
18025_0	18025_0
18026_0	18026_0
18029_0	18029_0
18031_0	18031_0
18039_0	18039_0
18039_0	15694_0
18041_0	18041_0
18042_0	18042_0
18042_1	18042_1
18044_0	18044_0
18045_0	18045_0
18046_0	18046_0
18046_0	19497_0
18046_0	VILD6
18047_0	18047_0
18048_0	18048_0
18049_0	18049_0
18051_0	18051_0
18053_0	18053_0
18054_0	18054_0
18054_0	18055_0
18054_0	18056_0
18054_0	18057_0
18054_0	18058_0
18054_0	18059_0
18054_0	18060_0
18054_0	18061_0
18054_0	18062_0
18054_0	18063_0
18054_0	18064_0
18054_0	18065_0
18054_0	18066_0
18054_0	18067_0
18054_0	18068_0
18054_0	18069_0
18054_0	18070_0
18054_0	18071_0
18054_0	18072_0
18054_0	18073_0
18054_0	18074_0
18054_0	18075_0
18054_0	18076_0
18054_0	18077_0
18054_0	18078_0
18054_0	25354_0
18080_0	18080_0
18086_0	18086_0
18090_0	18090_0
18091_0	18091_0
18092_0	18092_0
18092_0	6116_0
18092_0	17822_0
18092_0	25016_0
18092_0	25020_0
18092_0	18092
18093_0	18093_0
18094_0	18094_0
18095_0	18095_0
18096_0	18096_0
18096_0	16672_0
18098_0	18098_0
18107_0	18107_0
18108_0	18108_0
18109_0	18109_0
18111_0	18111_0
18111_1	18111_1
18112_0	18112_0
18113_0	18113_0
18115_0	18115_0
18118_0	18118_0
18121_0	18121_0
18122_0	18122_0
18122_0	6321_0
18122_0	6322_0
18122_0	34572_0
18122_0	34573_0
18122_0	34747_0
18122_0	PYP
18125_0	18125_0
18125_0	18123_0
18130_0	18130_0
18132_0	18132_0
18132_0	16177_0
18133_0	18133_0
18134_0	18134_0
18137_0	18137_0
18137_0	18548_0
18141_0	18141_0
18142_0	18142_0
18145_0	18145_0
18151_0	18151_0
18152_0	18152_0
18152_0	17109_0
18153_0	18153_0
18154_0	18154_0
18154_0	19151_0
18154_0	19152_0
18154_0	25013
18155_0	18155_0
18156_0	18156_0
18157_0	18157_0
18158_0	18158_0
18165_1	18165_1
18165_1	16909_0
18165_2	18165_2
18166_0	18166_0
18166_0	26920_0
18167_0	18167_0
18170_0	18170_0
18179_0	18179_0
18179_0	18178_0
18180_0	18180_0
18181_0	18181_0
18183_0	18183_0
18183_0	18182_0
18186_0	18186_0
18187_0	18187_0
18188_0	18188_0
18189_0	18189_0
18191_0	18191_0
18192_0	18192_0
18193_0	18193_0
18194_0	18194_0
18195_0	18195_0
18196_0	18196_0
18197_0	18197_0
18198_0	18198_0
18200_0	18200_0
18201_0	18201_0
18204_0	18204_0
18204_0	6783_0
18204_0	16992_0
18204_0	17382_0
18211_0	18211_0
18214_0	18214_0
18215_0	18215_0
18216_0	18216_0
18217_0	18217_0
18221_0	18221_0
18222_0	18222_0
18223_0	18223_0
18224_0	18224_0
18224_0	18225_0
18224_0	18226_0
18224_0	18227_0
18229_1	18229_1
18235_0	18235_0
18236_0	18236_0
18237_0	18237_0
18242_0	18242_0
18244_0	18244_0
18244_1	18244_1
18246_0	18246_0
18246_0	18245_0
18248_0	18248_0
18249_0	18249_0
18253_0	18253_0
18253_0	17656_0
18255_0	18255_0
18262_0	18262_0
18262_0	18261_0
18262_0	18480_0
18262_0	27683_0
18265_0	18265_0
18268_0	18268_0
18268_0	16590_0
18268_0	17621_0
18277_0	18277_0
18278_0	18278_0
18280_0	18280_0
18282_0	18282_0
18282_0	6400_0
18282_0	6401_0
18282_0	34015_0
18283_0	18283_0
18288_0	18288_0
18290_0	18290_0
18291_0	18291_0
18291_0	18293_0
18291_0	18294_0
18291_0	18295_0
18291_0	26916_0
18291_0	HGMCSF
18292_0	18292_0
18296_0	18296_0
18297_0	18297_0
18298_0	18298_0
18303_0	18303_0
18309_0	18309_0
18312_0	18312_0
18313_0	18313_0
18315_1	18315_1
18315_1	18314_1
18316_0	18316_0
18317_0	18317_0
18317_0	18839_0
18318_0	18318_0
18320_0	18320_0
18321_0	18321_0
18325_0	18325_0
18325_0	18322_0
18326_0	18326_0
18326_0	18003_0
18328_0	18328_0
18329_0	18329_0
18331_0	18331_0
18331_0	18821_0
18331_0	27061_0
18332_0	18332_0
18334_0	18334_0
18338_0	18338_0
18345_0	18345_0
18346_0	18346_0
18348_0	18348_0
18348_0	10107_0
18348_0	11086_0
18349_0	18349_0
18351_0	18351_0
18351_0	19356_0
18355_0	18355_0
18356_0	18356_0
18358_0	18358_0
18358_0	16819_0
18364_0	18364_0
18374_0	18374_0
18375_0	18375_0
18377_0	18377_0
18377_0	18376_0
18379_0	18379_0
18380_0	18380_0
18380_0	16096_0
18380_0	18380
18385_0	18385_0
18386_0	18386_0
18387_0	18387_0
18389_0	18389_0
18389_0	18388_0
18390_0	18390_0
18391_0	18391_0
18393_0	18393_0
18394_0	18394_0
18398_0	18398_0
18403_0	18403_0
18404_0	18404_0
18406_0	18406_0
18406_0	12016_0
18406_0	15379_0
18406_0	50132_0
18406_0	50133_0
18406_0	50134_0
18407_0	18407_0
18411_0	18411_0
18415_0	18415_0
18416_0	18416_0
18417_0	18417_0
18419_0	18419_0
18428_0	18428_0
18429_0	18429_0
18431_0	18431_0
18431_0	18432_0
18431_0	18433_0
18431_0	18434_0
18431_0	18455_0
18431_0	25559_0
18431_0	REV1CT
18435_0	18435_0
18437_0	18437_0
18438_0	18438_0
18439_1	18439_1
18439_1	15057_0
18439_1	19738_1
18439_1	30206_0
18439_1	50146_0
18439_1	50147_0
18439_1	50149_0
18439_1	51414_0
18439_1	51417_0
18441_0	18441_0
18442_0	18442_0
18443_0	18443_0
18447_0	18447_0
18447_0	17312_0
18449_0	18449_0
18459_0	18459_0
18464_0	18464_0
18465_0	18465_0
18468_0	18468_0
18471_0	18471_0
18474_0	18474_0
18475_0	18475_0
18478_0	18478_0
18478_0	18878_0
18484_0	18484_0
18485_0	18485_0
18487_0	18487_0
18489_0	18489_0
18490_0	18490_0
18492_0	18492_0
18493_0	18493_0
18493_0	17710_1
18496_0	18496_0
18496_0	18469_0
18497_0	18497_0
18504_0	18504_0
18505_0	18505_0
18508_0	18508_0
18508_0	18507_0
18511_0	18511_0
18514_0	18514_0
18516_0	18516_0
18516_0	6193_0
18516_0	11198_0
18517_0	18517_0
18520_0	18520_0
18520_0	19186_0
18520_0	19972_0
18521_1	18521_1
18522_0	18522_0
18522_0	19418_0
18522_0	19466_0
18530_0	18530_0
18533_0	18533_0
18533_0	6722_0
18533_0	26513
18539_0	18539_0
18540_0	18540_0
18541_0	18541_0
18546_0	18546_0
18547_0	18547_0
18551_0	18551_0
18553_0	18553_0
18555_0	18555_0
18557_0	18557_0
18559_0	18559_0
18560_0	18560_0
18560_0	19077_0
18561_0	18561_0
18561_0	18161_0
18562_0	18562_0
18563_0	18563_0
18565_0	18565_0
18566_0	18566_0
18567_0	18567_0
18567_0	16864_0
18567_0	18969_0
18567_0	19307_0
18567_0	19308_0
18569_0	18569_0
18569_0	5754_0
18569_0	27193_0
18570_0	18570_0
18571_0	18571_0
18571_0	18572_0
18571_0	18573_0
18575_0	18575_0
18575_0	17647_0
18575_0	18574_0
18578_0	18578_0
18579_0	18579_0
18579_0	25347_0
18579_0	25348_0
18580_0	18580_0
18581_0	18581_0
18581_0	18582_1
18581_0	18583_1
18581_0	18584_1
18585_0	18585_0
18585_0	18576_0
18586_0	18586_0
18587_0	18587_0
18589_0	18589_0
18591_0	18591_0
18591_0	16687_0
18598_0	18598_0
18599_0	18599_0
18600_0	18600_0
18601_0	18601_0
18602_0	18602_0
18603_0	18603_0
18604_0	18604_0
18605_0	18605_0
18606_0	18606_0
18607_0	18607_0
18608_0	18608_0
18612_0	18612_0
18613_0	18613_0
18614_0	18614_0
18620_0	18620_0
18621_0	18621_0
18623_0	18623_0
18623_0	18622_0
18624_0	18624_0
18627_0	18627_0
18628_0	18628_0
18628_0	25336_0
18631_0	18631_0
18631_0	18630_0
18632_0	18632_0
18634_0	18634_0
18635_0	18635_0
18636_0	18636_0
18637_0	18637_0
18642_0	18642_0
18647_0	18647_0
18649_0	18649_0
18649_0	18648_0
18650_1	18650_1
18652_0	18652_0
18653_0	18653_0
18662_0	18662_0
18664_0	18664_0
18667_0	18667_0
18667_0	18663_0
18668_0	18668_0
18670_0	18670_0
18670_0	18341_0
18671_0	18671_0
18671_0	18342_0
18671_0	18669_0
18672_0	18672_0
18673_0	18673_0
18676_0	18676_0
18678_0	18678_0
18680_0	18680_0
18680_0	18679_0
18682_0	18682_0
18682_0	18681_0
18682_1	18682_1
18688_2	18688_2
18688_2	18677_0
18691_0	18691_0
18692_0	18692_0
18693_0	18693_0
18696_0	18696_0
18696_0	18696_1
18696_0	18697_0
18696_0	18697_1
18696_0	19993_0
18696_0	28113_1
18700_0	18700_0
18701_0	18701_0
18706_0	18706_0
18707_0	18707_0
18709_1	18709_1
18709_1	17760_0
18709_1	51124_0
18711_0	18711_0
18712_0	18712_0
18713_0	18713_0
18714_0	18714_0
18718_0	18718_0
18719_0	18719_0
18720_0	18720_0
18720_1	18720_1
18725_0	18725_0
18726_0	18726_0
18728_0	18728_0
18729_0	18729_0
18731_0	18731_0
18732_0	18732_0
18733_0	18733_0
18734_0	18734_0
18738_0	18738_0
18748_0	18748_0
18753_0	18753_0
18758_0	18758_0
18758_0	7053_0
18758_0	18758
18761_0	18761_0
18763_0	18763_0
18764_0	18764_0
18765_0	18765_0
18773_0	18773_0
18776_0	18776_0
18778_0	18778_0
27529_0	27529_0
27531_0	27531_0
27532_0	27532_0
27533_0	27533_0
27536_0	27536_0
27537_0	27537_0
27540_0	27540_0
27544_0	27544_0
27544_0	15757_0
27544_0	18596_0
27544_0	27542_0
27544_0	27545_0
27546_0	27546_0
27548_0	27548_0
27549_0	27549_0
27549_0	19922_0
27550_0	27550_0
27553_0	27553_0
27554_0	27554_0
27565_0	27565_0
27569_0	27569_0
27574_0	27574_0
27578_0	27578_0
27578_0	27417_0
27579_0	27579_0
27579_0	5305_0
27579_0	51034_0
27579_0	51043_0
27580_0	27580_0
27581_0	27581_0
27582_0	27582_0
27583_0	27583_0
27584_0	27584_0
27584_0	27585_0
27587_0	27587_0
27591_0	27591_0
27593_0	27593_0
27595_0	27595_0
27596_0	27596_0
27597_0	27597_0
27598_0	27598_0
27606_0	27606_0
27606_0	12026_0
27607_0	27607_0
27607_0	18807_0
27608_0	27608_0
27608_0	28005_0
27608_0	28006_0
27609_0	27609_0
27610_0	27610_0
27614_0	27614_0
27616_0	27616_0
27617_0	27617_0
27618_0	27618_0
27620_0	27620_0
27620_0	2208_0
27620_0	25104_0
27620_0	25337_0
27620_0	25502_0
27620_0	27217_0
27620_0	27218_0
27620_0	27265_0
27620_0	30977_0
27620_0	CYPA_CPMG
27621_0	27621_0
27622_0	27622_0
27623_0	27623_0
27624_0	27624_0
27625_0	27625_0
27626_0	27626_0
27628_0	27628_0
27633_0	27633_0
27634_0	27634_0
27636_0	27636_0
27638_0	27638_0
27638_0	27637_0
27640_0	27640_0
27641_0	27641_0
27642_0	27642_0
27645_0	27645_0
27648_0	27648_0
27649_0	27649_0
27651_0	27651_0
27653_0	27653_0
27659_0	27659_0
27666_0	27666_0
27667_0	27667_0
27668_0	27668_0
27668_0	10010_0
27674_0	27674_0
27676_0	27676_0
27676_0	7428_0
27676_0	15853_0
27676_0	27678_0
27676_0	27679_0
27676_0	27680_0
27676_0	51180_0
27676_0	51181_0
27677_0	27677_0
27684_0	27684_0
27687_0	27687_0
27687_0	4671_0
27687_0	5490_0
27687_0	18281_0
27688_0	27688_0
27689_0	27689_0
27690_0	27690_0
27691_0	27691_0
27698_0	27698_0
27698_0	19332_0
27698_0	27696_0
27700_0	27700_0
27700_0	27699_0
27705_0	27705_0
27706_0	27706_0
27707_0	27707_0
27708_0	27708_0
27717_0	27717_0
27725_0	27725_0
27733_0	27733_0
27733_0	27732_0
27737_0	27737_0
27737_0	27734_0
27741_0	27741_0
27741_0	16942_0
27741_0	27493_0
27744_0	27744_0
27747_0	27747_0
27755_0	27755_0
27755_0	27753_0
27755_0	27754_0
27757_0	27757_0
27763_0	27763_0
27767_0	27767_0
27768_0	27768_0
27772_0	27772_0
27772_0	27771_0
27774_0	27774_0
27775_0	27775_0
27778_0	27778_0
27780_0	27780_0
27781_0	27781_0
27781_0	11055_0
27785_0	27785_0
27787_0	27787_0
27791_1	27791_1
27793_0	27793_0
27793_0	27162_0
27795_0	27795_0
27798_0	27798_0
27798_0	17437_0
27801_0	27801_0
27808_0	27808_0
27808_0	27809_0
27808_0	27810_0
27811_0	27811_0
27813_0	27813_0
27815_0	27815_0
27815_0	27777_0
27815_0	27816_0
27815_0	27827_0
27817_0	27817_0
27817_0	27814_0
27820_0	27820_0
27820_0	27818_0
27821_0	27821_0
27821_0	27819_0
27830_0	27830_0
27830_0	27458_0
27831_0	27831_0
27834_0	27834_0
27837_0	27837_0
27840_0	27840_0
27840_0	27841_0
27840_0	27842_0
27840_0	27843_0
27844_0	27844_0
27847_0	27847_0
27848_0	27848_0
27853_0	27853_0
27853_0	27852_0
27866_0	27866_0
27867_0	27867_0
27868_0	27868_0
27869_0	27869_0
27875_0	27875_0
27876_0	27876_0
27880_0	27880_0
27881_0	27881_0
27883_0	27883_0
27883_0	7279_0
27885_0	27885_0
27887_0	27887_0
27887_0	26672_0
27887_0	27125_0
27888_0	27888_0
27888_0	27890_0
27888_0	27929_0
27888_0	50563_0
27888_0	50564_0
27888_0	50565_0
27888_0	50566_0
27888_0	27888
27888_0	BLAC_CPMG
27893_0	27893_0
27894_0	27894_0
27904_0	27904_0
27913_0	27913_0
27914_0	27914_0
27917_0	27917_0
27923_0	27923_0
27924_0	27924_0
27924_0	16120_0
27924_0	16835_0
27924_0	17879_0
27925_0	27925_0
27930_0	27930_0
27932_0	27932_0
27932_0	27931_0
27935_0	27935_0
27936_0	27936_0
27936_0	27937_0
27936_0	27938_0
27936_0	27939_0
27943_0	27943_0
27943_0	17507_0
27944_0	27944_0
27944_0	4429_0
27944_0	27948_0
27945_0	27945_0
27945_0	4186_0
27945_0	27946_0
27945_0	CRABP2
27949_0	27949_0
27952_0	27952_0
27953_0	27953_0
27959_0	27959_0
27962_0	27962_0
27968_0	27968_0
27972_0	27972_0
27977_0	27977_0
27978_0	27978_0
27979_0	27979_0
27981_0	27981_0
27984_0	27984_0
27985_0	27985_0
27986_0	27986_0
27988_0	27988_0
27989_0	27989_0
27991_0	27991_0
27992_0	27992_0
27993_0	27993_0
27994_0	27994_0
27999_0	27999_0
28003_0	28003_0
28014_0	28014_0
28019_0	28019_0
28020_0	28020_0
28020_0	28011_0
28025_0	28025_0
28026_0	28026_0
28027_0	28027_0
28032_0	28032_0
28035_0	28035_0
28035_0	50805_0
28035_0	50806_0
28035_0	50807_0
28035_0	51140_0
28035_0	51141_0
28035_0	51142_0
28035_0	51143_0
28037_0	28037_0
28038_0	28038_0
28039_0	28039_0
28040_0	28040_0
28042_0	28042_0
28042_0	25979_0
28042_0	25995_0
28042_0	30824_0
28043_0	28043_0
28047_0	28047_0
28047_0	28046_0
28047_0	15525_1
28047_0	15230_0
28047_0	15803_0
28048_0	28048_0
28050_0	28050_0
28052_0	28052_0
28060_0	28060_0
28062_0	28062_0
28062_0	27243_0
28062_0	28064_0
28063_0	28063_0
28063_0	19204_0
28065_0	28065_0
28069_0	28069_0
28069_0	28073_0
28069_0	28074_0
28070_0	28070_0
28070_0	19172_0
28070_0	19173_0
28070_0	28072_0
28070_0	34384_0
28071_0	28071_0
28071_0	27522_0
28077_0	28077_0
28084_0	28084_0
28085_0	28085_0
28086_0	28086_0
28087_0	28087_0
28088_0	28088_0
28089_0	28089_0
28091_0	28091_0
28092_0	28092_0
28098_0	28098_0
28099_0	28099_0
28100_0	28100_0
28101_0	28101_0
28109_0	28109_0
28109_0	27592_0
28111_0	28111_0
28112_0	28112_0
28117_0	28117_0
28118_0	28118_0
28121_0	28121_0
28131_0	28131_0
28133_0	28133_0
28134_0	28134_0
28135_0	28135_0
28138_0	28138_0
30000_0	30000_0
30000_0	25061_0
30002_0	30002_0
30003_0	30003_0
30004_0	30004_0
30005_0	30005_0
30005_0	19815_0
30007_0	30007_0
30007_0	30006_0
30007_0	34301_0
30010_0	30010_0
30011_0	30011_0
30011_0	30009_0
30020_0	30020_0
30024_0	30024_0
30025_0	30025_0
30025_0	30023_0
30030_0	30030_0
30031_0	30031_0
30033_0	30033_0
30034_0	30034_0
30039_0	30039_0
30040_0	30040_0
30043_0	30043_0
30043_0	27612_0
30047_0	30047_0
30047_0	17030_0
30047_0	30048_0
30047_0	30050_0
30061_1	30061_1
30064_0	30064_0
30066_0	30066_0
30067_0	30067_0
30069_0	30069_0
30070_0	30070_0
30072_0	30072_0
30072_0	30071_0
30074_0	30074_0
30075_0	30075_0
30079_0	30079_0
30080_0	30080_0
30080_0	30081_0
30080_0	30082_0
30080_0	30083_0
30080_0	30084_0
30080_0	30085_0
30080_0	30086_0
30082_1	30082_1
30083_1	30083_1
30085_1	30085_1
30086_1	30086_1
30087_0	30087_0
30093_0	30093_0
30093_0	30092_0
30094_0	30094_0
30097_0	30097_0
30100_0	30100_0
30101_0	30101_0
30102_0	30102_0
30118_0	30118_0
30126_0	30126_0
30128_0	30128_0
30129_0	30129_0
30133_0	30133_0
30135_0	30135_0
30137_0	30137_0
30139_0	30139_0
30147_0	30147_0
30147_0	26565_0
30149_0	30149_0
30154_0	30154_0
30154_0	25530_0
30155_0	30155_0
30155_0	25244_0
30158_0	30158_0
30158_0	30157_0
30160_0	30160_0
30161_0	30161_0
30162_0	30162_0
30162_0	50584_0
30162_0	50591_0
30163_0	30163_0
30164_0	30164_0
30171_0	30171_0
30172_0	30172_0
30172_0	27086_0
30172_0	27877_0
30172_0	27877_1
30172_0	34039_0
30172_0	34392_0
30177_0	30177_0
30181_0	30181_0
30185_0	30185_0
30185_0	30186_0
30185_0	34518_0
30192_0	30192_0
30193_0	30193_0
30194_0	30194_0
30199_0	30199_0
30201_0	30201_0
30205_0	30205_0
30208_0	30208_0
30209_0	30209_0
30210_0	30210_0
30210_0	30207_0
30231_0	30231_0
30236_0	30236_0
30237_0	30237_0
30239_0	30239_0
30240_0	30240_0
30241_0	30241_0
30242_0	30242_0
30243_1	30243_1
30243_1	26867_1
30245_0	30245_0
30246_0	30246_0
30247_0	30247_0
30249_0	30249_0
30256_0	30256_0
30271_0	30271_0
30275_0	30275_0
30275_2	30275_2
30276_1	30276_1
30286_0	30286_0
30289_0	30289_0
30293_0	30293_0
30295_0	30295_0
30296_0	30296_0
30297_0	30297_0
30298_0	30298_0
30298_0	18916_0
30300_1	30300_1
30301_0	30301_0
30303_0	30303_0
30304_0	30304_0
30309_0	30309_0
30310_0	30310_0
30312_0	30312_0
30312_0	27269_0
30313_0	30313_0
30314_0	30314_0
30314_0	18654_0
30314_0	30657_0
30316_0	30316_0
30316_0	50331_0
30316_0	CXCL8
30317_0	30317_0
30321_0	30321_0
30323_0	30323_0
30323_0	30324_0
30325_0	30325_0
30326_0	30326_0
30330_0	30330_0
30331_0	30331_0
30334_0	30334_0
30340_0	30340_0
30345_0	30345_0
30345_0	25675_0
30345_0	27072_0
30345_0	30345_1
30345_0	36060_0
30345_0	51492_0
30348_0	30348_0
30352_0	30352_0
30353_1	30353_1
30367_1	30367_1
30367_1	15125_0
30367_1	25649_0
30367_1	26041_0
30367_1	26042_0
30367_1	26043_0
30367_1	30368_0
30367_1	30373_0
30367_1	30782_0
30367_1	30786_0
30367_1	30790_0
30367_1	30791_1
30370_0	30370_0
30372_0	30372_0
30375_0	30375_0
30378_0	30378_0
30379_0	30379_0
30388_0	30388_0
30395_0	30395_0
30395_0	30394_0
30397_0	30397_0
30398_0	30398_0
30398_0	27111_0
30399_0	30399_0
30404_0	30404_0
30404_0	27396_0
30406_0	30406_0
30409_0	30409_0
30410_0	30410_0
30417_0	30417_0
30418_0	30418_0
30420_0	30420_0
30420_0	30419_0
30421_0	30421_0
30422_0	30422_0
30423_0	30423_0
30436_0	30436_0
30437_0	30437_0
30438_0	30438_0
30444_0	30444_0
30445_0	30445_0
30445_0	25401_0
30450_0	30450_0
30469_0	30469_0
30469_0	10085_0
30469_0	16193_1
30471_0	30471_0
30471_0	27497_0
30474_0	30474_0
30474_1	30474_1
30475_0	30475_0
30480_0	30480_0
30480_1	30480_1
30492_0	30492_0
30492_0	30491_0
30494_0	30494_0
30495_0	30495_0
30502_0	30502_0
30502_0	30501_0
30504_0	30504_0
30505_0	30505_0
30513_0	30513_0
30515_0	30515_0
30517_0	30517_0
30518_0	30518_0
30520_0	30520_0
30522_0	30522_0
30525_0	30525_0
30525_0	19205_0
30527_0	30527_0
30528_0	30528_0
30528_0	6233_0
30528_1	30528_1
30528_1	16390_0
30531_0	30531_0
30531_0	27663_0
30537_0	30537_0
30538_0	30538_0
30543_0	30543_0
30550_0	30550_0
30550_0	27724_0
30551_0	30551_0
30555_0	30555_0
30556_0	30556_0
30559_0	30559_0
30561_0	30561_0
30561_0	17923_0
30565_0	30565_0
30569_0	30569_0
30570_0	30570_0
30571_0	30571_0
30575_0	30575_0
30579_0	30579_0
30580_0	30580_0
30583_0	30583_0
30583_0	4920_0
30584_0	30584_0
30585_0	30585_0
30590_1	30590_1
30590_1	30590_0
30592_0	30592_0
30598_0	30598_0
30599_0	30599_0
30599_0	30600_0
30599_0	30603_0
30599_0	30605_1
30599_0	30606_1
30610_0	30610_0
30610_0	19654_0
30611_0	30611_0
30613_0	30613_0
30614_0	30614_0
30614_0	18412_0
30623_0	30623_0
30626_0	30626_0
30628_0	30628_0
30628_0	30627_0
30632_0	30632_0
30632_0	30629_0
30632_0	30634_0
30632_0	30635_0
30632_0	30636_0
30633_0	30633_0
30637_0	30637_0
30638_1	30638_1
30638_1	30080_1
30640_2	30640_2
30640_2	30639_2
30646_0	30646_0
30646_0	30645_0
30647_0	30647_0
30648_0	30648_0
30659_0	30659_0
30659_0	17827_0
30659_1	30659_1
30659_1	30658_0
30660_0	30660_0
30672_0	30672_0
30677_0	30677_0
30679_0	30679_0
30679_0	27951_0
30680_0	30680_0
30680_0	19249_0
30681_0	30681_0
30681_1	30681_1
30681_1	7080_0
30682_0	30682_0
30684_0	30684_0
30686_1	30686_1
30687_1	30687_1
30691_0	30691_0
30695_0	30695_0
30696_0	30696_0
30703_0	30703_0
30703_0	17200_0
30703_0	30019_0
30704_0	30704_0
30705_0	30705_0
30706_0	30706_0
30707_0	30707_0
30708_0	30708_0
30711_0	30711_0
30720_0	30720_0
30721_0	30721_0
30722_0	30722_0
30722_0	30861_0
30722_0	34539_0
30726_0	30726_0
30726_0	18110_0
30736_0	30736_0
30737_0	30737_0
30737_0	19461_0
30737_0	19463_0
30740_0	30740_0
30740_0	30739_0
30741_0	30741_0
30741_0	17738_0
30741_0	19575_0
30754_0	30754_0
30756_0	30756_0
30761_0	30761_0
30761_0	30760_0
30763_0	30763_0
30765_0	30765_0
30765_1	30765_1
30768_0	30768_0
30769_0	30769_0
30773_0	30773_0
30777_0	30777_0
30783_0	30783_0
30784_0	30784_0
30785_0	30785_0
30790_1	30790_1
30791_0	30791_0
30791_0	19299_0
30795_0	30795_0
30796_0	30796_0
30796_1	30796_1
30796_1	30493_0
30800_0	30800_0
30801_0	30801_0
30802_0	30802_0
30807_0	30807_0
30808_0	30808_0
30808_0	19913_0
30808_0	19914_0
30808_0	30809_0
30812_0	30812_0
30814_0	30814_0
30814_0	30798_0
30820_0	30820_0
30820_0	30819_0
30821_0	30821_0
30832_0	30832_0
30834_0	30834_0
30844_0	30844_0
30850_0	30850_0
30858_0	30858_0
30866_0	30866_0
30869_0	30869_0
30870_0	30870_0
30871_0	30871_0
30874_0	30874_0
30875_0	30875_0
30876_0	30876_0
30880_0	30880_0
30890_0	30890_0
30899_0	30899_0
30899_1	30899_1
30902_0	30902_0
30902_0	30905_0
30908_0	30908_0
30909_0	30909_0
30925_0	30925_0
30925_0	30676_0
30927_0	30927_0
30928_0	30928_0
30933_0	30933_0
30936_0	30936_0
30937_0	30937_0
30944_0	30944_0
30949_0	30949_0
30950_0	30950_0
30950_0	30926_0
30951_0	30951_0
30956_0	30956_0
30959_0	30959_0
30959_0	5971_0
30959_0	6309_0
30959_0	6800_0
30960_0	30960_0
30961_0	30961_0
30962_0	30962_0
30962_0	30963_0
30962_0	30965_0
30962_0	30966_0
30962_0	30967_0
30962_0	30968_0
30962_0	25034_0
30962_0	25511_0
30962_0	25035_0
30962_0	30288_0
30962_0	30308_0
30962_0	30529_0
30962_0	30774_0
30962_0	31005_0
30962_0	31006_0
30969_0	30969_0
30970_0	30970_0
30970_0	17612_0
30974_0	30974_0
30979_0	30979_0
30993_0	30993_0
30995_0	30995_0
31011_0	31011_0
31017_0	31017_0
31018_0	31018_0
31020_0	31020_0
31033_0	31033_0
31058_0	31058_0
31058_0	30939_0
34000_0	34000_0
34000_0	34002_0
34000_0	34001_0
34005_0	34005_0
34005_0	30042_0
34006_0	34006_0
34007_0	34007_0
34007_1	34007_1
34008_0	34008_0
34012_0	34012_0
34012_0	15742_0
34013_0	34013_0
34018_0	34018_0
34022_0	34022_0
34022_0	26552_0
34024_0	34024_0
34042_0	34042_0
34043_0	34043_0
34043_0	34425_0
34045_0	34045_0
34046_0	34046_0
34047_0	34047_0
34048_0	34048_0
34050_0	34050_0
34052_0	34052_0
34055_0	34055_0
34061_0	34061_0
34064_0	34064_0
34064_0	25455_0
34068_0	34068_0
34068_0	34067_0
34073_0	34073_0
34076_0	34076_0
34076_0	34072_0
34077_0	34077_0
34078_0	34078_0
34080_0	34080_0
34082_0	34082_0
34085_0	34085_0
34085_0	27304_0
34095_0	34095_0
34095_0	6002_0
34095_0	17475_0
34101_0	34101_0
34102_0	34102_0
34106_0	34106_0
34108_0	34108_0
34109_0	34109_0
34110_0	34110_0
34111_0	34111_0
34112_0	34112_0
34112_0	34490_0
34113_0	34113_0
34113_0	30854_0
34114_0	34114_0
34115_0	34115_0
34120_0	34120_0
34121_0	34121_0
34122_0	34122_0
34123_0	34123_0
34124_0	34124_0
34126_0	34126_0
34127_0	34127_0
34131_0	34131_0
34131_1	34131_1
34139_0	34139_0
34139_0	19752_0
34140_0	34140_0
34142_0	34142_0
34142_0	34141_0
34142_0	34143_0
34144_0	34144_0
34146_0	34146_0
34149_0	34149_0
34153_0	34153_0
34155_0	34155_0
34160_0	34160_0
34160_0	34164_0
34160_0	50798_0
34163_0	34163_0
34170_0	34170_0
34173_0	34173_0
34176_0	34176_0
34178_0	34178_0
34179_0	34179_0
34179_0	34180_0
34181_0	34181_0
34182_0	34182_0
34184_0	34184_0
34185_0	34185_0
34187_1	34187_1
34187_1	34635_0
34187_1	34636_0
34188_0	34188_0
34188_0	34187_0
34189_0	34189_0
34193_0	34193_0
34194_0	34194_0
34195_0	34195_0
34196_0	34196_0
34200_0	34200_0
34201_0	34201_0
34202_0	34202_0
34211_0	34211_0
34216_0	34216_0
34217_0	34217_0
34219_0	34219_0
34219_0	34218_0
34220_0	34220_0
34225_0	34225_0
34226_0	34226_0
34229_0	34229_0
34229_0	34227_0
34231_0	34231_0
34231_0	34233_0
34234_0	34234_0
34235_0	34235_0
34239_0	34239_0
34243_0	34243_0
34248_0	34248_0
34248_0	34247_0
34255_0	34255_0
34255_0	34246_0
34256_0	34256_0
34257_0	34257_0
34257_0	16126_0
34258_0	34258_0
34261_0	34261_0
34281_0	34281_0
34281_0	27961_0
34281_0	27965_0
34281_0	27967_0
34281_0	28016_0
34282_0	34282_0
34285_0	34285_0
34286_0	34286_0
34286_0	34175_0
34288_0	34288_0
34288_0	34289_0
34288_0	34293_0
34292_0	34292_0
34298_0	34298_0
34299_0	34299_0
34300_0	34300_0
34304_0	34304_0
34307_0	34307_0
34307_0	18827_0
34317_0	34317_0
34317_0	27499_0
34317_0	50552_1
34318_0	34318_0
34325_0	34325_0
34326_0	34326_0
34329_0	34329_0
34330_0	34330_0
34334_0	34334_0
34341_0	34341_0
34347_0	34347_0
34347_0	34308_0
34348_0	34348_0
34349_0	34349_0
34350_0	34350_0
34352_0	34352_0
34354_0	34354_0
34356_0	34356_0
34356_0	34355_0
34361_0	34361_0
34376_0	34376_0
34385_0	34385_0
34385_0	18147_0
34385_0	27857_0
34393_0	34393_0
34394_0	34394_0
34394_0	6354_0
34394_0	34395_0
34399_0	34399_0
34407_0	34407_0
34422_0	34422_0
34423_0	34423_0
34429_0	34429_0
34429_0	34428_1
34432_0	34432_0
34432_0	17545_0
34432_0	19258_0
34432_0	19259_0
34432_0	34433_0
34432_0	34434_0
34437_0	34437_0
34439_0	34439_0
34442_0	34442_0
34443_0	34443_0
34446_0	34446_0
34447_0	34447_0
34448_0	34448_0
34449_0	34449_0
34450_0	34450_0
34451_0	34451_0
34452_0	34452_0
34453_0	34453_0
34459_0	34459_0
34462_0	34462_0
34463_0	34463_0
34464_0	34464_0
34465_0	34465_0
34468_0	34468_0
34471_0	34471_0
34471_0	27043_0
34471_0	34472_0
34471_0	50945_0
34473_0	34473_0
34477_0	34477_0
34480_0	34480_0
34481_0	34481_0
34485_0	34485_0
34485_0	34486_0
34487_0	34487_0
34488_0	34488_0
34489_0	34489_0
34492_0	34492_0
15795	15795
15795	15795_0
15521	15521
15521	15521_0
15451	15451
15451	15451_0
5991	5991
5991	5991_0
5154	5154
5154	4327_0
18257	18257
AQADK_CPMG	AQADK_CPMG
AQADK_CPMG	AQADK
BLVRB_CPMG	BLVRB_CPMG
BLVRB_CPMG	27462_0
BLVRB_CPMG	27975_0
VHR_CPMG	VHR_CPMG
VHR_CPMG	27950_0
ARGKIN_CPMG	ARGKIN_CPMG
ARGKIN_CPMG	ARGKIN
HTPDZ_CPMG	HTPDZ_CPMG
HTPDZ_CPMG	HTPDZ
7036	7036
7036	7036_0
36171	36171
36171	36170_0
36171	36171_0
NUSGTD	NUSGTD
NUSGTD	16788_1
PLEXINB1	PLEXINB1
PLEXINB1	6346_0
UBE2G1	UBE2G1
19127	19127
19127	16664_0
50233	50233
50233	27262_0
4267	4267
4267	4267_0
18306	18306
18306	11061_0
PCF11	PCF11
PI3KSH2	PI3KSH2
ORC2WH	ORC2WH
ORC2WH	27643_0
MLC1PN	MLC1PN
MLC1PC	MLC1PC
50410	50410
50410	50410_0
FSIB	FSIB
ATS	ATS
5841	5841
5841	5564_0
18772	18772
18772	18772_0
17306	17306
17306	17306_0
17783	17783
17783	17783_0
15255	15255
15255	4183_0
5687	5687
5687	5687_0
18260	18260
18260	18260_0
7056	7056
7056	7056_0
18477	18477
18477	18477_0
17266	17266
17266	17266_0
CIN1D2	CIN1D2
MERP	MERP
BARSTAR	BARSTAR
BARSTAR	6227_0
BARSTAR	50539_0
TEPI	TEPI
TEPI	4060_0
50332	50332
SAV	SAV
CDK3	CDK3
ACBP	ACBP
ACBP	5351_0
VL	VL
VL	4580_1
EGLC	EGLC
CIN1D1	CIN1D1
25636	25636
25636	25460_0
25636	25636_0
25636	30068_0
AZURIN	AZURIN
AZURIN	4465_0
AZURIN	18254_0
ALP	ALP
ALP	30322_0
VMIPII	VMIPII
VMIPII	4852_0
CBFB	CBFB
CBFB	4092_0
PSD1	PSD1
MIA40	MIA40
17246	17246
17246	17246_0
50020	50020
50020	17549_0
DR1885	DR1885
4390	4390
4390	19989_0
ATFKR	ATFKR
SPRY	SPRY
GPIIA	GPIIA
GPIIA	1663_0
IL4	IL4
IL4	4094_0
CMTIV	CMTIV
CHEAYBD	CHEAYBD
GXN	GXN
A3VI	A3VI
HTGFA	HTGFA
DBD82	DBD82
34493_0	34493_0
34495_0	34495_0
34495_0	34494_0
34498_0	34498_0
34500_0	34500_0
34503_0	34503_0
34504_0	34504_0
34511_0	34511_0
34511_0	30955_0
34511_0	51620_0
34512_0	34512_0
34513_0	34513_0
34514_0	34514_0
34515_0	34515_0
34515_0	34037_0
34519_0	34519_0
34520_0	34520_0
34521_1	34521_1
34522_0	34522_0
34526_0	34526_0
34526_0	25135_0
34526_0	30458_0
34526_0	34528_0
34526_0	34603_0
34526_0	34604_0
34526_0	34605_0
34527_0	34527_0
34531_0	34531_0
34532_0	34532_0
34535_0	34535_0
34536_0	34536_0
34537_0	34537_0
34537_0	25130_1
34537_0	25639_1
34538_0	34538_0
34540_0	34540_0
34540_0	25493_0
34541_0	34541_0
34545_0	34545_0
34545_0	34544_0
34546_0	34546_0
34551_0	34551_0
34551_0	34550_0
34552_0	34552_0
34552_0	19760_0
34555_0	34555_0
34556_0	34556_0
34557_0	34557_0
34560_0	34560_0
34574_0	34574_0
34575_0	34575_0
34576_0	34576_0
34578_0	34578_0
34578_0	34577_0
34582_0	34582_0
34585_0	34585_0
34586_0	34586_0
34598_0	34598_0
34600_0	34600_0
34602_0	34602_0
34606_0	34606_0
34607_0	34607_0
34609_0	34609_0
34610_0	34610_0
34613_0	34613_0
34617_0	34617_0
34617_0	18735_0
34618_0	34618_0
34619_0	34619_0
34619_0	25758_0
34627_0	34627_0
34628_1	34628_1
34629_0	34629_0
34629_0	18371_0
34629_0	34191_0
34630_0	34630_0
34638_0	34638_0
34638_0	6546_0
34640_0	34640_0
34642_0	34642_0
34647_0	34647_0
34648_0	34648_0
34656_0	34656_0
34661_0	34661_0
34661_0	51052_0
34661_1	34661_1
34661_1	51052_2
34662_0	34662_0
34663_0	34663_0
34666_0	34666_0
34667_0	34667_0
34668_0	34668_0
34669_0	34669_0
34673_0	34673_0
34673_0	15343_0
34675_0	34675_0
34678_0	34678_0
34682_0	34682_0
34686_0	34686_0
34691_1	34691_1
34691_1	7383_0
34691_1	15485_0
34693_0	34693_0
34694_0	34694_0
34695_0	34695_0
34696_0	34696_0
34702_0	34702_0
34702_1	34702_1
34704_0	34704_0
34707_0	34707_0
34708_0	34708_0
34709_0	34709_0
34719_0	34719_0
34724_0	34724_0
34724_0	34725_0
34724_0	34727_0
34726_0	34726_0
34726_0	16989_0
34726_0	34728_0
34728_1	34728_1
34728_1	16983_0
34728_1	34727_1
34739_0	34739_0
34739_0	19536_0
34743_0	34743_0
34744_0	34744_0
34745_0	34745_0
34745_0	4280_0
34745_0	26978_0
34745_0	51020_0
34745_0	51547_0
34745_0	51548_0
34748_0	34748_0
34748_0	50620_0
34748_0	50915_0
34750_0	34750_0
34751_0	34751_0
34752_0	34752_0
34753_0	34753_0
36001_0	36001_0
36011_0	36011_0
36011_0	26775_0
36012_0	36012_0
36012_0	18399_0
36018_0	36018_0
36021_1	36021_1
36027_0	36027_0
36027_0	36026_0
36034_0	36034_0
36037_0	36037_0
36048_0	36048_0
36050_0	36050_0
36050_0	36051_0
36050_0	36052_0
36050_0	36053_0
36050_0	36054_0
36050_0	36055_0
36050_0	36056_0
36059_0	36059_0
36059_0	36058_0
36061_0	36061_0
36064_0	36064_0
36064_0	36021_0
36064_1	36064_1
36075_0	36075_0
36080_0	36080_0
36086_0	36086_0
36096_0	36096_0
36101_0	36101_0
36111_0	36111_0
36112_0	36112_0
36114_0	36114_0
36115_0	36115_0
36117_0	36117_0
36119_0	36119_0
36129_0	36129_0
36136_0	36136_0
36142_0	36142_0
36142_0	12002_0
36143_0	36143_0
36161_0	36161_0
36161_0	25385_0
36162_0	36162_0
36165_0	36165_0
36175_0	36175_0
36176_0	36176_0
36176_0	27442_0
36179_0	36179_0
36180_0	36180_0
36181_0	36181_0
36185_0	36185_0
36186_0	36186_0
36186_0	36187_0
36207_0	36207_0
36221_0	36221_0
36221_0	36220_0
36221_1	36221_1
36243_0	36243_0
36244_0	36244_0
36264_0	36264_0
36264_0	19538_0
36294_0	36294_0
36299_0	36299_0
36309_0	36309_0
36309_1	36309_1
36320_0	36320_0
36320_0	28082_0
36327_0	36327_0
36328_0	36328_0
36329_0	36329_0
36330_0	36330_0
36331_0	36331_0
36332_0	36332_0
36333_0	36333_0
36334_0	36334_0
36335_0	36335_0
36336_0	36336_0
36337_0	36337_0
36338_0	36338_0
36339_0	36339_0
36341_0	36341_0
36342_0	36342_0
36345_0	36345_0
36368_0	36368_0
36385_0	36385_0
36385_0	36288_0
36404_0	36404_0
36405_0	36405_0
36430_0	36430_0
36431_0	36431_0
36447_0	36447_0
36471_0	36471_0
50001_0	50001_0
50001_0	27990_0
50002_0	50002_0
50003_0	50003_0
50004_0	50004_0
50007_0	50007_0
50008_0	50008_0
50008_0	16921_0
50010_0	50010_0
50010_0	15826_0
50010_0	50011_0
50014_0	50014_0
50015_0	50015_0
50017_0	50017_0
50017_0	50739_0
50021_0	50021_0
50022_0	50022_0
50027_0	50027_0
50028_0	50028_0
50033_0	50033_0
50033_0	26779_0
50033_0	50030_0
50033_0	50031_0
50033_0	50032_0
50035_0	50035_0
50074_0	50074_0
50077_0	50077_0
50078_0	50078_0
50079_0	50079_0
50084_0	50084_0
50084_0	5013_0
50086_0	50086_0
50088_0	50088_0
50089_0	50089_0
50089_0	6807_0
50089_0	7114_0
50089_0	25237_0
50093_0	50093_0
50094_0	50094_0
50098_0	50098_0
50099_0	50099_0
50100_0	50100_0
50101_0	50101_0
50102_0	50102_0
50103_0	50103_0
50105_0	50105_0
50106_0	50106_0
50106_0	50104_0
50107_0	50107_0
50107_0	34461_0
50108_0	50108_0
50108_0	34461_1
50110_0	50110_0
50110_0	15412_0
50115_0	50115_0
50120_0	50120_0
50120_0	50119_0
50121_0	50121_0
50121_0	5823_0
50122_0	50122_0
50124_0	50124_0
50126_0	50126_0
50127_0	50127_0
50127_0	50113_0
50130_0	50130_0
50130_0	17945_0
50130_0	50129_0
50131_0	50131_0
50135_0	50135_0
50135_0	50123_0
50138_0	50138_0
50142_0	50142_0
50145_0	50145_0
50145_0	17270_0
50145_0	36163_0
50145_0	50143_0
50145_0	50148_0
50145_0	50801_0
50145_0	50802_0
50145_0	51415_0
50145_0	51416_0
50145_0	51416
50151_0	50151_0
50152_0	50152_0
50154_0	50154_0
50154_0	26728_0
50154_0	26816_0
50154_0	26823_0
50154_0	26826_0
50154_0	26827_0
50154_0	26828_0
50154_0	26829_0
50154_0	26830_0
50154_0	26831_0
50154_0	27750_0
50154_0	27751_0
50154_0	27788_0
50154_0	27789_0
50154_0	27790_0
50154_0	50090_0
50156_0	50156_0
50157_0	50157_0
50166_0	50166_0
50167_0	50167_0
50168_0	50168_0
50169_0	50169_0
50178_0	50178_0
50178_0	15424_0
50178_0	18251_0
50178_0	18252_0
50178_0	50180_0
50178_0	50181_0
50178_0	50182_0
50178_0	50183_0
50185_0	50185_0
50189_0	50189_0
